driver_id,person_key,creation_rule,lead_events_count,action,status,error
3b15991da9d44b578cfbecba5cdc05fa,f7d8448d-ef80-40df-95bf-bb118062c520,R1_PHONE_EXACT,0,quarantined,quarantined,
b279f5cebf5543c1b1b6af9ab6878253,13dc9d2b-bc09-4627-ac7b-ef7e1270b271,R1_PHONE_EXACT,0,quarantined,quarantined,
41cdb542048d4759a4bd0a8ac62cb294,1698e789-2f8d-4ba7-a0b1-3829f31cd4f5,R1_PHONE_EXACT,0,quarantined,quarantined,
15b8da6091be43f18c3911ea718cc0d8,fc970bc3-b08d-478f-b971-c2c50abed47b,R1_PHONE_EXACT,0,quarantined,quarantined,
b486f8032bf24bf49c80d1331fb182ce,3548a2a4-da44-4052-84e0-92487ec18f2b,R1_PHONE_EXACT,0,quarantined,quarantined,
60365c84b42f4a88ae72751d1065f406,95eaea15-7d7b-4502-965b-82b257d0f6a3,R1_PHONE_EXACT,0,quarantined,quarantined,
a9b7b3244d46403683a6d85c0ab16d5b,65d04ad4-86f2-443c-ac8d-b3e01c913380,R1_PHONE_EXACT,0,quarantined,quarantined,
ad1a34ebdab14ac8981c4fd6c07364c2,a4316e8e-5731-4c64-983f-8126d5fe17ae,R1_PHONE_EXACT,0,quarantined,quarantined,
2b4a7a8d943445618ee997f3ef9efa29,57dd665a-1e40-4f5b-9305-d08ee6655860,R1_PHONE_EXACT,0,quarantined,quarantined,
e9a1a423c1c04df8b85782c48f081cb6,a4655746-4d38-445d-8052-a88fcb71ce46,R1_PHONE_EXACT,0,quarantined,quarantined,
21c0115aba5d4f55b25650ff72ba3866,1113eeb8-50df-42d1-98c7-e5209f3fa36d,R1_PHONE_EXACT,0,quarantined,quarantined,
a94fccca1bf54178ad65c3d47a3856e2,2153e162-5ba5-4d18-ab73-634420922f2c,R1_PHONE_EXACT,0,quarantined,quarantined,
3adc3ac1103c4eb699ebe4db3b3be8ed,e4fbe528-8583-4c22-8722-0809283baa37,R1_PHONE_EXACT,0,quarantined,quarantined,
946dcdcab2604ab1a6633b2c3f9c841e,b185675a-45e3-4edc-bbd5-31d6ab27de48,R1_PHONE_EXACT,0,quarantined,quarantined,
6d66df73c847422f952b3e83bed6fdeb,3958083c-2d09-4e39-a306-b0da28c29b9b,R1_PHONE_EXACT,0,quarantined,quarantined,
8da0b63809d34900806a95455d730c89,06505c11-a9b2-43f2-9912-216d7ae0a38a,R1_PHONE_EXACT,0,quarantined,quarantined,
bba5bbad1a504f2aa07eea388c463773,16d02e5a-6fa8-4c0a-9473-882159fa3a43,R1_PHONE_EXACT,0,quarantined,quarantined,
eee85cd76ce049ed860818288a12ddc0,58e7b7f8-5ef8-4c90-9c41-d59eeeda13ec,R1_PHONE_EXACT,0,quarantined,quarantined,
f63ed0686b1243e296650bfa9bf09d73,b70b9104-d112-42d8-8bb0-faeb4dbc7fc0,R1_PHONE_EXACT,0,quarantined,quarantined,
bbf7679f7b55416dac2e2a64b6f2d899,bd6db033-dbe2-40f9-b7ce-a00a737c44a8,R1_PHONE_EXACT,0,quarantined,quarantined,
8f4c58710dfe49b6a9a9f56ad89ec3e9,0e6b822d-56e1-4285-83b2-9a1423155a4e,R1_PHONE_EXACT,0,quarantined,quarantined,
ec4f568c87934320a563230e9a15796d,06d5b8fd-96c4-4c23-be56-a77982e73058,R1_PHONE_EXACT,0,quarantined,quarantined,
215cabcecfcc4a45855b9eb268d9120b,5c6e8489-2e26-4614-8d80-b62851e690ec,R1_PHONE_EXACT,0,quarantined,quarantined,
108efabc1c824211a4fdfba0549deaca,5c7e2e81-fdc5-453c-97e7-45f99167bd9f,R1_PHONE_EXACT,0,quarantined,quarantined,
99fdcaa19c5d47d69a77d83c1584c1d9,b4ba0dac-dca0-40f4-836a-1e98b54e25fe,R1_PHONE_EXACT,0,quarantined,quarantined,
3d50442c97d64412a379892fcdb1a1ea,b0257da2-2703-4f3f-b06a-3847e4d3c28d,R1_PHONE_EXACT,0,quarantined,quarantined,
b07232de045f45b7bfcfe1d5e6a28e12,f0764510-2073-47cb-abf2-131b391b4be6,R1_PHONE_EXACT,0,quarantined,quarantined,
c584cb85d48b4718aa51534131f8d37a,27d68c4d-712b-4078-8cfe-7821955a77ab,R1_PHONE_EXACT,0,quarantined,quarantined,
b553dfbf51b04540889556acba45336f,2488ccaa-4d5d-420c-b3cc-dae80fb3cfa0,R1_PHONE_EXACT,0,quarantined,quarantined,
7d6854e46dde44b5913feafbd0b47d69,cf4d15df-2c23-4649-8c60-83653004df84,R1_PHONE_EXACT,0,quarantined,quarantined,
3653382f80204d0f8d0453043b72da05,2e911346-1176-4d13-afe5-a74f7e2f31f6,R1_PHONE_EXACT,0,quarantined,quarantined,
db82d222a852412e8760ed6d6c6cd39f,c87b1d3b-c57f-4f7b-a0fe-bddb87e464d1,R1_PHONE_EXACT,0,quarantined,quarantined,
3cd1d205045742ae915ad0b0b35a38c6,751af377-573a-4888-89db-8dfae25e9d6a,R1_PHONE_EXACT,0,quarantined,quarantined,
01c327538ab44408bbb1a5f400901f8d,7da8f7c5-64a0-40d4-a338-a62b65a29462,R1_PHONE_EXACT,0,quarantined,quarantined,
4989f8aadc654c23b1581306bc0916b8,4253a89a-2129-4db8-923d-8f8abb120174,R1_PHONE_EXACT,0,quarantined,quarantined,
69c2ad602be84022b418d1fe7252e953,cf4eb0a2-185b-492c-a768-3adabfb22e85,R1_PHONE_EXACT,0,quarantined,quarantined,
33a3c99ebf9441baaa7826aa8dcaf5dc,c0d502c6-a19a-44c7-8a47-473c72a722e5,R1_PHONE_EXACT,0,quarantined,quarantined,
fba977a44ac14ba59267ed43997eb112,c2d6a8e7-2529-45a4-9802-064869481819,R1_PHONE_EXACT,0,quarantined,quarantined,
0308f4e456b54fb9bb4f4ec1fcda7983,8f8817e0-dbde-4f91-ba5c-8b72e0442880,R1_PHONE_EXACT,0,quarantined,quarantined,
f513e741533b4ff8a0be577e4d96dd01,be9c3294-5d7a-473d-a353-cf999c7353a6,R1_PHONE_EXACT,0,quarantined,quarantined,
61f5bf0cb90c4f8f8dfefe1793ba331e,a4eb83d2-e8a1-45ed-a467-81efd4f7f8a4,R1_PHONE_EXACT,0,quarantined,quarantined,
7ef46bfbe3f04268a9c79b565e2e3dbf,02111f7f-f256-4cde-b8b0-c96a80d1ae2d,R1_PHONE_EXACT,0,quarantined,quarantined,
ff2a34043c484f678cf16f533aa28849,f2e2c659-434c-460a-8a50-08b1c37188f0,R1_PHONE_EXACT,0,quarantined,quarantined,
151dc0715106491595e9329afc3a7ff4,b375354c-dd1b-4680-94e6-c9638eaf8aa3,R1_PHONE_EXACT,0,quarantined,quarantined,
4a052c3a4b724952a9b673ed2fe469f3,c09c41ce-690f-4171-b155-a928774c812f,R1_PHONE_EXACT,0,quarantined,quarantined,
7288764186ac4f6a898a996b8422569a,e677578a-943b-48eb-9f81-24322c1c2ef0,R1_PHONE_EXACT,0,quarantined,quarantined,
88bdd0297f614a5c8d7c0e3f2c51a017,9763b654-e2b6-4082-a762-ebd080ec92a1,R1_PHONE_EXACT,0,quarantined,quarantined,
aa21b1d57a7c44bb8c725338e0171b33,0dff3291-577e-4be0-ab6c-696dadc767c7,R2_LICENSE_EXACT,0,quarantined,quarantined,
fe391d3c10fc4885b4ae4e76c254aab2,5a1aa7c1-fa03-41d5-8f60-e8a55003ab1c,R1_PHONE_EXACT,0,quarantined,quarantined,
1c063e61e7a44beb99134e99100f5bd2,5fb15cb0-a77f-4c80-a085-c87f535d2df5,R1_PHONE_EXACT,0,quarantined,quarantined,
d32aa1e2c54e4cc8a251c5c242123365,5b9246db-fb87-4755-a86a-8d9f993c040b,R1_PHONE_EXACT,0,quarantined,quarantined,
0bb6b2dd588c43e98874973de208919e,cedcde3b-2078-4742-97da-8755d953429e,R1_PHONE_EXACT,0,quarantined,quarantined,
672053fb2c4e42efa1dc6e3d997f0174,c118179c-589d-4f4e-9d9e-5adbfe50c2be,R1_PHONE_EXACT,0,quarantined,quarantined,
ce4fe7132b1a43919ea83a4aa65fcc23,3c78d6cd-1440-45d9-850e-7220f0666d77,R1_PHONE_EXACT,0,quarantined,quarantined,
91f3730457994381ad2f462747da29e0,b607d9ae-51f8-414d-8ea9-46bd902f56a7,R1_PHONE_EXACT,0,quarantined,quarantined,
90258a42619a4ec4b6bf245e1bf94c38,68d09332-78ff-4e83-9299-758e94471269,R1_PHONE_EXACT,0,quarantined,quarantined,
7db4d772c1be4df58f1491cb1345ee68,d408959f-9b88-40e3-a42e-c9a1f820ca41,R1_PHONE_EXACT,0,quarantined,quarantined,
ccace11929794bc09533490b9c2d753e,fafaeb49-bdd5-4190-904f-0653645af6cd,R1_PHONE_EXACT,0,quarantined,quarantined,
f16cbb47990443dbbf0bf07200843f42,24ee9437-2278-4d9d-a1b8-1965187e5afb,R1_PHONE_EXACT,0,quarantined,quarantined,
11f239fd8968441f9232cff1d9a340ec,93b561a0-624c-45fe-9a4b-763155a94ca1,R1_PHONE_EXACT,0,quarantined,quarantined,
3ecaf3e20f704d9fb5e243b1bec99699,a4b6d5cd-6e2d-424f-b116-aec2a4cfad84,R1_PHONE_EXACT,0,quarantined,quarantined,
662304a510294f838322e830d94154a5,d1f7d5eb-c6b0-40ab-acd8-d9fbbfbdedcd,R1_PHONE_EXACT,0,quarantined,quarantined,
d5a976ef75a54cad9681aba6480661e8,037b8725-058b-40ee-9723-b223a2376608,R1_PHONE_EXACT,0,quarantined,quarantined,
54993ec393324ff88ff3e038e1e69ed0,619e5a18-de39-4610-a7f7-2ccc41f4c66f,R1_PHONE_EXACT,0,quarantined,quarantined,
7b5e8555d4a8477fa79b1e78f37f0f5a,51094c69-d223-44e4-b4f3-09ad155bc490,R1_PHONE_EXACT,0,quarantined,quarantined,
ed81388a8adc4c32986aa53bc0c58028,6c2cce9a-88af-4c76-81d5-a31c0f0dc437,R1_PHONE_EXACT,0,quarantined,quarantined,
6867eb8fedfa491dad61c78c77d4c6e8,19e035a1-b2a3-4553-96fb-346bae6597c5,R1_PHONE_EXACT,0,quarantined,quarantined,
ba51e38c68dc4ee099636983e374f746,774bfea3-9838-4a72-9bec-41246033845f,R1_PHONE_EXACT,0,quarantined,quarantined,
3b612f67b2a24c81a9f44a01e89b916a,3187b3fa-f164-4509-a313-9e68235c5629,R1_PHONE_EXACT,0,quarantined,quarantined,
0dbfe8d42cb947cc813136ee779772ea,7258a2a0-b6e3-4b08-a5d4-23e4182489a7,R1_PHONE_EXACT,0,quarantined,quarantined,
66f69e6206e24e82afe664d2961fe7f6,6548793f-eefd-4e73-82f2-59657b7a2577,R1_PHONE_EXACT,0,quarantined,quarantined,
4e4f4aa8e4e8406d9fac23206f1cf4fa,ece0af22-6051-4e26-b40b-89163f52a362,R1_PHONE_EXACT,0,quarantined,quarantined,
eca92cabac8341869eb35cace53bf77a,0cea51a5-b43c-462d-bd17-75a3f698c811,R1_PHONE_EXACT,0,quarantined,quarantined,
9765a633a6b2454486701688a1bad779,3c901134-a2cc-4891-b623-5235efa3f602,R1_PHONE_EXACT,0,quarantined,quarantined,
8159b0e65c93490ebb69d6160654996b,cb8a814a-a321-4873-813c-200ac8cfe77c,R1_PHONE_EXACT,0,quarantined,quarantined,
e198617db60b4e32a38a129dd1294d4d,b0ec1036-c545-4ae9-be36-d353968a9e10,R1_PHONE_EXACT,0,quarantined,quarantined,
07ba875b7e58419f8e88a3b94879a1d8,00437d37-c8d8-4011-bbe0-714c728d0d84,R1_PHONE_EXACT,0,quarantined,quarantined,
5b48fa760af148ec8894ad2d89eca68b,f68f1735-c21b-485f-8ccc-ef698b274edd,R1_PHONE_EXACT,0,quarantined,quarantined,
4cb68e950a0446b48017df1cc9aaa714,bf13cbcb-5c5e-4633-bc9e-6d5a696dab00,R1_PHONE_EXACT,0,quarantined,quarantined,
8f9dcd201c0c4fed998474af09f534e4,7354bf52-9fe6-4c5f-958c-5860e7cc4f97,R1_PHONE_EXACT,0,quarantined,quarantined,
2d347b30e73d4b88b4eb7f93c17cca00,5bd840ec-b842-46d6-bbff-85a42cb2759e,R1_PHONE_EXACT,0,quarantined,quarantined,
a7d21a5e86b841e49429424be2cf81af,b73ef12a-533d-488c-98fd-c88cd954ce7e,R1_PHONE_EXACT,0,quarantined,quarantined,
6fa03e27cb8b44d9916005a93bd92f73,e31484dd-08f5-4038-90e2-d44ed2111ba1,R1_PHONE_EXACT,0,quarantined,quarantined,
d81ff34d35d046768a7ddf89a26f351a,fbd3d6e3-608d-4801-b24e-7abe7b382128,R1_PHONE_EXACT,0,quarantined,quarantined,
b916c400a323475cbe828f923874e899,6a220e64-f413-44ef-a0f8-d73ac8171d0a,R1_PHONE_EXACT,0,quarantined,quarantined,
f531b914e6794718a7150662280bc77a,a400682d-8c1b-4ebf-901b-072ad1225107,R1_PHONE_EXACT,0,quarantined,quarantined,
85a40f2575a949dd8301fe94dd6243ee,76ef2fd7-2119-4d2b-a678-949c2f4c40de,R1_PHONE_EXACT,0,quarantined,quarantined,
bed448d643a34463bf9f23c294265880,3c6bc4c7-e767-4226-9cb6-09862db19244,R1_PHONE_EXACT,0,quarantined,quarantined,
e3031b29f7df459ba5cf1a1a06c46b00,bd5aaff4-fff6-4436-8c2b-cca46a202b7f,R1_PHONE_EXACT,0,quarantined,quarantined,
40745f41faa64c6a976c6e24580e6303,82201eac-f250-4cfb-8462-dab79afbbbb2,R1_PHONE_EXACT,0,quarantined,quarantined,
6707fe1b8f5b4762ad3dd2656c20ace0,579fe303-9114-4428-b22e-b19de0575fc9,R1_PHONE_EXACT,0,quarantined,quarantined,
89bb38df080d448292b63ba91b70f51b,56fabbca-be75-452c-86e2-2bdf73d0c22d,R1_PHONE_EXACT,0,quarantined,quarantined,
29f0cafe0e964b9d8533af577c2d4425,ab99bf99-f8cf-4863-8e96-20f69d3f2e13,R1_PHONE_EXACT,0,quarantined,quarantined,
739596116a0545f1adbd7d5afb309be9,4f40611e-3598-4f1f-9469-c003e918681c,R1_PHONE_EXACT,0,quarantined,quarantined,
9fae9f231dbf47f58d88cbafa3e40a1d,65093a37-387c-4a98-8c75-4e08d5d1655f,R1_PHONE_EXACT,0,quarantined,quarantined,
43bc0090bf0849a3ac4800ac5143b35d,1768237d-94cf-4821-a4ee-359771aeb211,R1_PHONE_EXACT,0,quarantined,quarantined,
03f94f9760d348a28a573a0a94fbd755,f64aeec4-46e1-417a-a224-43589542b1ac,R1_PHONE_EXACT,0,quarantined,quarantined,
848e594a91014a9496ce657b91e4ad72,dc810fab-0dac-4967-8651-65bb28c9793f,R1_PHONE_EXACT,0,quarantined,quarantined,
e34783dd739f487ea21e7941e2f7d273,a91cba59-fb9b-4c7c-a158-1f5d38e2d529,R1_PHONE_EXACT,0,quarantined,quarantined,
16d129517d57448591d8342a23b7a548,bc675c57-578d-4b00-ba5a-492652377354,R1_PHONE_EXACT,0,quarantined,quarantined,
6ad23513a561403f850654a01942d63c,5b771326-1f26-4755-8e08-f06599085034,R1_PHONE_EXACT,0,quarantined,quarantined,
53766f9ca0904c259f87f0e07ee8bfa6,730d6c13-8417-4eeb-944e-4d8e32bacbb7,R1_PHONE_EXACT,0,quarantined,quarantined,
f3697869b8774172989d4b97bedfae7b,898d8606-6b58-49bc-ad23-8091b1ead864,R1_PHONE_EXACT,0,quarantined,quarantined,
46bc30a2ae154384ae5cd030e5092a52,879ca434-1d43-4a2c-97f1-88af2726cd78,R1_PHONE_EXACT,0,quarantined,quarantined,
a952a8af8e924ca69cac2b717586502d,055d61d9-1401-4cf0-aab7-902dcad7af68,R1_PHONE_EXACT,0,quarantined,quarantined,
4d7f442dfafd49b4adcd94ecb05380af,d1a58524-e5fe-4ebd-a429-6fa0ca9b7a2e,R1_PHONE_EXACT,0,quarantined,quarantined,
0df5e369d1f44ed986f3d9b32195b5eb,fa97e49b-6304-4eae-9fe7-7031e6ede8c6,R1_PHONE_EXACT,0,quarantined,quarantined,
d9f605a43d074eb6a8202edecf2c383d,d811eac5-f00e-4cf0-92bf-5be00ef954a4,R1_PHONE_EXACT,0,quarantined,quarantined,
70e4987818504889b5425bfca953e7b9,ac308120-b460-4298-a482-ad2494e5756f,R1_PHONE_EXACT,0,quarantined,quarantined,
5dc786c066ac47cbaa1d71a3baf4ba28,8e7527ff-ea16-4c68-bdfd-78eb4f6c4d97,R1_PHONE_EXACT,0,quarantined,quarantined,
b343fe8e69484a2e9548b9c8d2aa2608,2963392d-3ad9-408e-8d48-4a606740afde,R2_LICENSE_EXACT,0,quarantined,quarantined,
3ab1fa1f6dc2492faf3d1d683652cecc,e62d0c36-5c8f-4dd5-9f39-732b3c9cdf3a,R1_PHONE_EXACT,0,quarantined,quarantined,
7961ba53c6344247bbd39f6f66a3cc3f,c3a6dbe2-a417-4fd3-aa70-f23ddfafe9c6,R1_PHONE_EXACT,0,quarantined,quarantined,
7e75faaf92fc4befacc51b8c467feeca,f7464ad0-cbbd-4fdf-b44c-f15660505334,R1_PHONE_EXACT,0,quarantined,quarantined,
77394d6f866243a386a1432df7617c59,c5c34c8b-7f52-401b-bb41-c454ed0f21d7,R1_PHONE_EXACT,0,quarantined,quarantined,
515041194f314107b5772148c0da2890,35f9f1f8-af65-490d-ba75-c370205dbd44,R1_PHONE_EXACT,0,quarantined,quarantined,
b0c973048d8a4a5fb16a012e81769dc3,ff6a3e58-8d7d-481e-88cb-b25e63298865,R1_PHONE_EXACT,0,quarantined,quarantined,
c84ba34a45f64eb6b0e31fe47bf815c1,f9c44522-d710-4e22-83b2-2bf3247e2c08,R1_PHONE_EXACT,0,quarantined,quarantined,
2ac245faf628433b947b0089a2499a0f,b957dec0-cfa9-4096-a5e5-e626bf1e6370,R1_PHONE_EXACT,0,quarantined,quarantined,
a32d25506f5d4ddf83d5864ad6e6819a,fc06f923-d3e7-436f-a22f-968ff5ff9439,R1_PHONE_EXACT,0,quarantined,quarantined,
d2360b9baee04ae1b91d59d4c38f8f64,7820444f-a807-4671-947c-753a182ca736,R1_PHONE_EXACT,0,quarantined,quarantined,
b3fe658a2be745f58a140c91d1d2b3a4,6fbd6e0f-9411-4b14-84ed-830d3f4ba092,R1_PHONE_EXACT,0,quarantined,quarantined,
39f5b849565b4621ac53ba29a0963669,8940c45e-d36f-4f97-8c5f-497e90079be4,R1_PHONE_EXACT,0,quarantined,quarantined,
337ea853d03048c0863b370636c052f9,bbdb41dd-8161-4cf7-b0f9-401434f45175,R1_PHONE_EXACT,0,quarantined,quarantined,
4bb191abfe9e468ba93ddcf08ec9195a,adf15ad4-acb2-4fa9-9bfb-849cc7896cb2,R1_PHONE_EXACT,0,quarantined,quarantined,
0df3cff7aa9e4eb9b372593d2b54750d,2eadb5b6-ea31-481c-89d5-8796f4619dab,R1_PHONE_EXACT,0,quarantined,quarantined,
fc0a2cc7dcd444bbb7379791f943da1b,6584b5d6-c0a0-4c76-a2a7-2142331d69bd,R1_PHONE_EXACT,0,quarantined,quarantined,
848fa315e38f481885ef052f5296203e,8a9cbc95-2363-4517-9de5-b29aab528fa7,R1_PHONE_EXACT,0,quarantined,quarantined,
3f3cd2c366c3449aadce2bc6d02e09c6,9fcd3d8b-f9af-45ac-a3f6-8f2688ef104c,R1_PHONE_EXACT,0,quarantined,quarantined,
9ad83efdcbe546a1959df147470d3303,630b4fcf-114e-4eee-b9f8-d05918493ec6,R1_PHONE_EXACT,0,quarantined,quarantined,
25a67ef5b7c5437d8c14ccbe37c9b07f,e9203934-5019-4606-9bb1-a19c9cca0ae8,R1_PHONE_EXACT,0,quarantined,quarantined,
36eab0de3bdc40dfa8e68b586b55c6e0,c02cafc5-4ee4-413b-9fb3-b0ed34a3651c,R1_PHONE_EXACT,0,quarantined,quarantined,
bf87231ec28549f592735917808edaaf,64efbac7-2050-42d6-9f0c-5fb5dd54d7cd,R1_PHONE_EXACT,0,quarantined,quarantined,
e31971d002fa4ad09adfd11a6e94ec24,1624177e-8b36-49f7-a1e6-5e812605917c,R1_PHONE_EXACT,0,quarantined,quarantined,
b59e41f86bdc4d2cb5f95351d173d20a,a3c81b58-ebb9-4e8f-8f7c-83e29dbe169e,R1_PHONE_EXACT,0,quarantined,quarantined,
e1ba4d06ea474195ab6b1a81b78cda7a,2e575992-58d4-446c-9c44-9bd7a0a2ca2e,R1_PHONE_EXACT,0,quarantined,quarantined,
9453063578c74193a60e81ef5ca15e89,b1f8f61b-f822-4e53-bf1a-f951b6433f1e,R1_PHONE_EXACT,0,quarantined,quarantined,
2482a909920d4df6b32dc45b0457cca8,f7a01d7a-0a70-4a80-88e3-58d2cb05dc49,R1_PHONE_EXACT,0,quarantined,quarantined,
647ee21db1564786b045eadd9df9811c,e78f023d-24c1-46ed-9bea-7acb49be499b,R1_PHONE_EXACT,0,quarantined,quarantined,
a26da5abe50f48ae98ceef53b6b8057e,9247a2b6-aaaa-49ed-b1bd-9e476ab64bea,R1_PHONE_EXACT,0,quarantined,quarantined,
020ce4bd5b66482e8cd978a2aac4b2be,9862bfb2-674b-4ad3-806f-ff447ca0832a,R1_PHONE_EXACT,0,quarantined,quarantined,
88b0e3b2a9964bd5b2bd07cdd1197087,b23c9976-85bb-4883-b8d1-2fdc7e0e1177,R1_PHONE_EXACT,0,quarantined,quarantined,
0f9e5c1c4f5d49f2ae041647fe890b37,d652a930-64c9-4f0c-80a0-e559605d20b8,R1_PHONE_EXACT,0,quarantined,quarantined,
e95dc70a7c074ca191beb74c04e1c4ff,8d6180db-a286-4fd3-bd09-82ad09235b0f,R1_PHONE_EXACT,0,quarantined,quarantined,
325210fd304847ecba4574958b7c1553,b296019e-017c-4fc3-b98c-f754aa2e46b3,R2_LICENSE_EXACT,0,quarantined,quarantined,
af93663b78f046b0af2f5c55f45efe85,3de37554-6b05-4dc8-98df-15d48d64b905,R1_PHONE_EXACT,0,quarantined,quarantined,
38861ad5d11f4bbab245878d5ffaf114,bcb5eb87-33b0-4117-a3f3-b6ffa28d4ef6,R1_PHONE_EXACT,0,quarantined,quarantined,
e8dd25c174c54882aebdce75e203cc2d,9591cebc-5911-43cc-acab-0e5cdbf03089,R1_PHONE_EXACT,0,quarantined,quarantined,
6bfdef4546514cf0827a8eb3bac61c36,717a69be-ca64-4486-9a58-fabd6abb87d8,R1_PHONE_EXACT,0,quarantined,quarantined,
d5f093d44d6c49318e7edaeabc5f27d9,ebe5cccb-0c99-4df0-9719-65a25129b297,R1_PHONE_EXACT,0,quarantined,quarantined,
cc07b9176f87466cb73639e8f79a8368,c63b0e1e-4803-4145-9894-96306bbb7ca4,R1_PHONE_EXACT,0,quarantined,quarantined,
afe2732e6ce84b38b14c7dff5ab3a145,0e83cc3b-0dff-4048-b4a1-c93567c04832,R1_PHONE_EXACT,0,quarantined,quarantined,
fd22c061e8e8411e93fbd94a1f58fa9b,b88a4749-3882-4530-b832-2ac009b4f551,R1_PHONE_EXACT,0,quarantined,quarantined,
5890b481409445e3ba6379875f5369fe,8a8eb4ce-bac3-488d-8499-f3afb9d83abd,R1_PHONE_EXACT,0,quarantined,quarantined,
4c511d24f3f549ac82f8b06b17eb2697,8e571788-0f3b-4c58-8f2b-776501120db4,R1_PHONE_EXACT,0,quarantined,quarantined,
7c9470d4c7bd4544afd480d45d46ad3a,412d4d25-68dd-471e-b2f3-9e612ce8e750,R1_PHONE_EXACT,0,quarantined,quarantined,
bf8564881b5a49208829d0d40df26bf7,14fd0019-78a7-40c5-8d56-84755534d2b1,R1_PHONE_EXACT,0,quarantined,quarantined,
9deebbcdf16c48f4a01da5163209fcbe,aa660637-faff-441a-84f3-5100a80b2850,R1_PHONE_EXACT,0,quarantined,quarantined,
104e648d2f704fffa5fe7df1fc9beed9,fdf5b9bb-e707-4778-bb28-c3a267b9d815,R1_PHONE_EXACT,0,quarantined,quarantined,
11fee6bd69bd42ebb8524dfec10ca587,660b1707-35f3-40ef-a3b5-2ea9f94ea567,R1_PHONE_EXACT,0,quarantined,quarantined,
1939a27a0cb24e5990a8a62a1cc692d6,6c7fd8e0-536e-4958-8219-679cab99db93,R1_PHONE_EXACT,0,quarantined,quarantined,
7f0fccab79c6424c8fb65e72c1f23d1c,e1f28c01-9dde-48e4-a67d-7449bef90154,R1_PHONE_EXACT,0,quarantined,quarantined,
d31dfcecbc9b40ecb20fc1b818d23067,ecbd02ef-5d00-42c3-98d8-7baf404f369f,R1_PHONE_EXACT,0,quarantined,quarantined,
bd4623906757444e9ab5bbe551944aee,c900eee3-2a0b-4b28-8fbd-9896b9064e37,R1_PHONE_EXACT,0,quarantined,quarantined,
75178bab8cf2418cb4bcebefc5382b46,93fa71eb-d2ef-42dc-b1fe-3af09a43bbd6,R1_PHONE_EXACT,0,quarantined,quarantined,
b818d6aebd754f0a96fac9c9910ffc04,b0bc52db-e9b2-48fa-a8ee-75825bd84e8c,R1_PHONE_EXACT,0,quarantined,quarantined,
8f38302fd41b4626b47933ae0d7f7dd2,bcb70541-e552-47d8-8f72-ef552b75fb32,R1_PHONE_EXACT,0,quarantined,quarantined,
d4a55636a47141528dbbdf82fea06116,14f52261-6d68-430f-be05-18b743471835,R1_PHONE_EXACT,0,quarantined,quarantined,
875628a1ab8c4fcd9bd2196922104ae3,5447c695-8e68-49bf-87bb-4bb285910a17,R1_PHONE_EXACT,0,quarantined,quarantined,
ce4005d3401b4bcf923b405219887f08,455c0d23-ac8d-435c-892c-4b705a6f83eb,R1_PHONE_EXACT,0,quarantined,quarantined,
aabec0c3669548a1834609be11816462,ca63be50-b2a8-4e7e-a718-ffa84b769568,R1_PHONE_EXACT,0,quarantined,quarantined,
abecd9754ed54814a5826161f55e1a5f,c64866ee-016e-4c8f-ab3e-b97b28c35bf7,R1_PHONE_EXACT,0,quarantined,quarantined,
c48114a45465420a9bd7c6afef609ca0,850ad3a1-7178-4b2f-90a1-f0cf5b242d98,R1_PHONE_EXACT,0,quarantined,quarantined,
4682a6c78ff141029c7ffba39d97a355,785d9c75-8391-4001-a657-ebad56ff81c3,R1_PHONE_EXACT,0,quarantined,quarantined,
e503f53359f74e95ad9f0ed0c7d39755,dcc37e9d-2e52-48de-82ef-b4e6b2bba19b,R1_PHONE_EXACT,0,quarantined,quarantined,
3bab3d4f8ff74fbf94a514ccd8451081,0b89e4f2-901a-406d-9ab3-59a73b6ee121,R1_PHONE_EXACT,0,quarantined,quarantined,
449b59535d2447579acce060b9674733,e5150bbe-ca58-436e-b119-9afc7a867cc0,R1_PHONE_EXACT,0,quarantined,quarantined,
ee61d020baf74544963498100529341b,19f0ca74-a500-4cf0-bec1-ef3563de7043,R1_PHONE_EXACT,0,quarantined,quarantined,
d1af517c52754d91bebdb58ccae6c939,6e55fd08-d083-4ad3-930c-78236d7796e6,R1_PHONE_EXACT,0,quarantined,quarantined,
1ef254468d0c4dd0a2e09c2f88c31240,54ada5b8-2917-4b4d-9fa2-40cdb348f222,R1_PHONE_EXACT,0,quarantined,quarantined,
c6d14c095f704908bb5aef7766e22147,d5cb782b-867c-4c82-aa1c-fcdebaba24f5,R1_PHONE_EXACT,0,quarantined,quarantined,
82e0bdb3a01f433a90d2b3ac679c0be9,7c139468-cb53-468a-bcd7-de8147250bac,R1_PHONE_EXACT,0,quarantined,quarantined,
ca7993b7f16a4975b8430210b07efb7a,1f38e314-f34a-4174-9457-56bd3c5dfc90,R1_PHONE_EXACT,0,quarantined,quarantined,
6c32f28a4690443e8809bf3ea0154861,4a19f14a-197a-4d21-9d6f-4486174e4e58,R1_PHONE_EXACT,0,quarantined,quarantined,
d16b7c3884a14281b9547fe758f24a6d,30bdb050-7b6e-4aa6-96a7-18c03137c64d,R1_PHONE_EXACT,0,quarantined,quarantined,
88860de191894ec9ba90c8505a7fbf7b,8c4a1cbf-d4dd-4158-be3f-f1731db72f95,R1_PHONE_EXACT,0,quarantined,quarantined,
1027fc9e0f1c40dea3579b60c0e5e63b,01fce041-57c6-4952-acf9-e5c9d8353abf,R1_PHONE_EXACT,0,quarantined,quarantined,
3e9e270cf82e4f06be02699baf39425a,dd63d9b8-4d38-4fe4-9d1e-d3b7483fcd02,R1_PHONE_EXACT,0,quarantined,quarantined,
18c56d3f4b034ce89c9d6ef345f152e3,2d78c3cc-4eaf-4cab-b540-1c25be5eb3e7,R1_PHONE_EXACT,0,quarantined,quarantined,
986cfb0c55784bc5a182d6c13af04870,ce1e6cad-fabd-4ef9-a358-d75f0dda4e0f,R1_PHONE_EXACT,0,quarantined,quarantined,
20684cc230234c35ac053419ef21d258,7ecea65b-9076-42b9-9d1e-9c5362fadfef,R1_PHONE_EXACT,0,quarantined,quarantined,
b086bb027baf47e8a30572bdc47db5eb,a19e1f6a-fa65-4ac9-8fe1-b0b5cd10fec8,R1_PHONE_EXACT,0,quarantined,quarantined,
ca681a51d6144f13b7a75e3b38ab6961,e207ef27-3c68-4406-a079-97ea58465cb2,R1_PHONE_EXACT,0,quarantined,quarantined,
dd81d45b83124e92870053896859b3ec,3659e1b7-7c3a-4642-807c-a7c80aa32910,R1_PHONE_EXACT,0,quarantined,quarantined,
dc70083ae6a248cc9fb5ebf462d5babe,61087e34-3acf-487d-89c3-b8e8f48d088f,R1_PHONE_EXACT,0,quarantined,quarantined,
573a8acff5df444e8bf1225170415a93,9602e53a-8da3-4ad1-bdac-bf60eed2d9fa,R1_PHONE_EXACT,0,quarantined,quarantined,
ce11da3a3e3e4883aaefc50f8e11ba98,22bbf71e-ccae-482a-a1a0-da0480fc70d5,R1_PHONE_EXACT,0,quarantined,quarantined,
3453b5e9514a4f74b9e4b7cd65843822,0a529cec-ba0d-4388-85e8-e80bb11ccd94,R1_PHONE_EXACT,0,quarantined,quarantined,
bf967580273246f0a4e40a067cb03205,f57f16f3-0815-4cee-92a7-1217485cc0b0,R1_PHONE_EXACT,0,quarantined,quarantined,
cd584069c21b4f7289c24dfe0d16a4c4,8257014e-6f0b-45d1-928a-0f9da77d6613,R1_PHONE_EXACT,0,quarantined,quarantined,
c4fefa300d0c48c2a1c0d50122c814ba,8709efdf-7e93-4a7b-bdf9-c9e899e717c6,R1_PHONE_EXACT,0,quarantined,quarantined,
2eecabcc7aa24a1a8903134272a0311f,8cad6b79-317c-457e-b333-9a3209df3b00,R1_PHONE_EXACT,0,quarantined,quarantined,
3f9db21e56f94cd08be24aa576e92c5b,8588ffe4-846f-4119-8339-a3d23b5d9762,R1_PHONE_EXACT,0,quarantined,quarantined,
ca5957abe41c40ebb2c566b0e2e03dee,58f8c544-483b-43ab-8e5c-f3c9a2526169,R1_PHONE_EXACT,0,quarantined,quarantined,
f3637b3761eb41e68c6bbcc466994e00,7bea4ff6-7457-4b2d-b177-ee1965dbd2aa,R1_PHONE_EXACT,0,quarantined,quarantined,
a6ac2400c2894fa79bd059e1057ad41f,74e22153-0ea7-4da6-a9a3-deb98dd3e0df,R1_PHONE_EXACT,0,quarantined,quarantined,
17095cce019a4de6910eb36c062f5591,1dc5c119-1d8f-4f3d-81e3-280c59203194,R1_PHONE_EXACT,0,quarantined,quarantined,
98d8d54419334b7a9553d59d2aeef17a,f0ad972f-6b33-4a71-a1ca-e51f3fa0780a,R1_PHONE_EXACT,0,quarantined,quarantined,
d2f637cb2a3c464982c9c221e7595612,a23b89d3-9107-4f3f-b9fd-d69a303b25c0,R1_PHONE_EXACT,0,quarantined,quarantined,
add3f09b10ce4b6c9ca2723cd27d1a8f,54067c56-3aa8-4971-b6b2-fd18d6910e83,R1_PHONE_EXACT,0,quarantined,quarantined,
78ed57f95ea64a67967426ac8b7b8c99,022d82da-cdad-4475-bd9c-994fde909b22,R1_PHONE_EXACT,0,quarantined,quarantined,
5ad99908f9944592b4bc820ca144f0ed,62a2b02e-b9d8-4a7b-97b3-fccf67d8da77,R1_PHONE_EXACT,0,quarantined,quarantined,
c2539021f0d84fdfbfe5464e9d71c864,5074cdfe-cd31-48d7-a24b-817a9597b939,R1_PHONE_EXACT,0,quarantined,quarantined,
1491b7ef96dc4f40a48f813ac3d11ad8,45ca89c3-6535-45a9-90aa-358552523e41,R1_PHONE_EXACT,0,quarantined,quarantined,
582eaa425a4c499dabff637cb6e323a6,5c2cc998-c16f-438c-a240-03ad917a1dc4,R1_PHONE_EXACT,0,quarantined,quarantined,
354d0b4c83ff4c679c9acfe03d41ead7,13b78124-ac76-4b5f-b0be-50ea9f04ce03,R1_PHONE_EXACT,0,quarantined,quarantined,
a551d0f7b41c48cd815a0751cf6040ff,9da58560-a67a-48ea-b9ec-e83952c7317c,R1_PHONE_EXACT,0,quarantined,quarantined,
c8fbd202f4e64af6b70695ddd6c5fa13,b2cf548e-962a-427f-a214-b4cd57b8b6b5,R1_PHONE_EXACT,0,quarantined,quarantined,
0828655f4ce0490387a763c95c27c47a,45262d45-3991-4dc5-a076-6008e0e3e9c5,R1_PHONE_EXACT,0,quarantined,quarantined,
15baec8b1e4b45e7b3516d607725875a,43d717cc-edbd-4232-b297-90576870c43d,R1_PHONE_EXACT,0,quarantined,quarantined,
0948898d87eb47d6a475bea02eea2264,07c4863a-1de5-4527-9684-cfbb35e32348,R1_PHONE_EXACT,0,quarantined,quarantined,
e04f3a33717b4ae29c76cf2c42cf0e82,8d5d68f5-d656-4c90-9f87-b7625a787e7f,R1_PHONE_EXACT,0,quarantined,quarantined,
ae4e74f560754740a87ec222f4cb64a2,d2581ab9-b065-48cf-950a-bd80801c99c6,R1_PHONE_EXACT,0,quarantined,quarantined,
a765e92ef7364431b14c5c735f272496,a96a7b16-34de-4f21-a564-83ad2de115ae,R1_PHONE_EXACT,0,quarantined,quarantined,
a175a57c48c1419e83eae871db6d7b3b,52975def-f631-48c6-8b6b-620029163be2,R1_PHONE_EXACT,0,quarantined,quarantined,
64c09af226954331b11c85307d0f2193,36aaa3b4-7643-4526-b447-471774a593d6,R1_PHONE_EXACT,0,quarantined,quarantined,
f6fa8d62bb784a829ff7d53f45e6c5f4,7217250a-c1a5-4e05-9f23-7ffb95ada9f3,R1_PHONE_EXACT,0,quarantined,quarantined,
26559284ee5d4086b0e87d904df76f8f,cc5e8e96-518f-470e-848f-36a20f4ab14a,R1_PHONE_EXACT,0,quarantined,quarantined,
6bb642da708544bcb87bce8bffe95000,3658b3b1-e131-44ff-889b-dbc41cd048b1,R1_PHONE_EXACT,0,quarantined,quarantined,
a2315d3444a84867b1e0f8033544a06c,c6bb4cdc-1646-4fde-b506-af77221f821f,R1_PHONE_EXACT,0,quarantined,quarantined,
a92ef84ab5c04cdf8bb904016bd93666,726a4a04-9f20-4b31-b3b3-f401944c1825,R1_PHONE_EXACT,0,quarantined,quarantined,
835ccc50c8c74d0fb7658a6f284c2245,6d605fcc-fbb0-4de0-b954-9f484e806a04,R1_PHONE_EXACT,0,quarantined,quarantined,
a0f96a630cb04bae8ad8b65afe39bfdb,0b366eb0-712e-40dd-bfef-15bdd03ceb38,R1_PHONE_EXACT,0,quarantined,quarantined,
0dc074e899d144ef8b8abc158891d203,ab47e8f4-bf4f-48a1-915b-eee419be5d5b,R1_PHONE_EXACT,0,quarantined,quarantined,
5d9d22db856a43fc9c77259608a2649e,9489db81-5eb1-438b-88f4-6690f96b4aa6,R1_PHONE_EXACT,0,quarantined,quarantined,
52dd8a41535f459290a8d63b85490e88,15675481-cc5c-49db-8b43-9cd8f8608630,R1_PHONE_EXACT,0,quarantined,quarantined,
d9711e7ba58a44abbb341ced41ae0872,db20b7db-813e-4f5a-8606-61cf68ea85a2,R1_PHONE_EXACT,0,quarantined,quarantined,
446566eaa07e42fd87754a1e4c3da6bc,16612ae3-426e-45a7-b015-36439fe4d40b,R1_PHONE_EXACT,0,quarantined,quarantined,
d372fc161cdd41b3a83e820d3299bd97,86224fae-ef25-49b6-baa8-bd044978818d,R1_PHONE_EXACT,0,quarantined,quarantined,
64fa8983a8734a3cb26c27bb2d1a1107,68aa416d-de4d-42cc-927a-04d8135af5b3,R1_PHONE_EXACT,0,quarantined,quarantined,
cb2a993e47494eb49af558017e959cd4,86232b28-0f55-4292-8097-de2e40ca0bce,R1_PHONE_EXACT,0,quarantined,quarantined,
c90edcf3fbc945a58df1d197783e99a0,d5fe1a6b-706f-4bec-9d39-390db618afbd,R1_PHONE_EXACT,0,quarantined,quarantined,
4ffc7e019ac045d2a788081e990571c3,94abcb96-da68-409d-a108-b6a43a97197f,R1_PHONE_EXACT,0,quarantined,quarantined,
1612a6f0d73d4798b2ebe04834b62809,cf16c5dd-ef55-4e05-8d59-e91e03717d37,R1_PHONE_EXACT,0,quarantined,quarantined,
1587ce448c9045818d1d7c1254ee2e30,c7051396-054f-41cc-a6ee-e84a22faf60b,R1_PHONE_EXACT,0,quarantined,quarantined,
437a1842595e4c22abb5e63e0af301d6,0b828bcd-3a3e-41e5-9b06-8e648d47621d,R1_PHONE_EXACT,0,quarantined,quarantined,
0865ef8d34fd4621b4b3aeda193cd4fa,0d472471-dcc1-4979-a17e-459617e92db6,R1_PHONE_EXACT,0,quarantined,quarantined,
a152eb96c1db405c9ce5a8b3d15804dc,77f472a5-6735-45af-b2ec-bcc7af89b614,R1_PHONE_EXACT,0,quarantined,quarantined,
bb6764207a3a4290a2f2e79791b47467,d054fa83-3924-4682-973a-732e69eb778d,R1_PHONE_EXACT,0,quarantined,quarantined,
1c69b955724143ec81cb8dcb3cb1f63b,a81e41c6-66f7-4c1d-a82b-3d3eb4781c4a,R1_PHONE_EXACT,0,quarantined,quarantined,
5ef4a7999ee244cbb257e09fd713ae07,9fc87402-1c97-45c7-89bb-b3c91edd009c,R1_PHONE_EXACT,0,quarantined,quarantined,
f3f4b31bb8b449a088389ba364b78ab3,7fe9fbd3-7cb1-4258-86a5-0d100c07d347,R1_PHONE_EXACT,0,quarantined,quarantined,
380593e8f947404fb4a0758ac7194456,e864861e-d248-4743-8dc0-49ec4c960f1a,R1_PHONE_EXACT,0,quarantined,quarantined,
50046da7a4eb4c7883911af9aa6af43f,2bbbb3c2-712c-42ef-b36c-4bc01405ccca,R1_PHONE_EXACT,0,quarantined,quarantined,
66bd52940b8944cc821755eed0914ac5,d70bae6e-0bd7-46c2-bcf4-24e894eed678,R1_PHONE_EXACT,0,quarantined,quarantined,
95259a62a27648deb15ab1392620ea5a,bc668dcd-c1c2-4a78-8382-6024d8a10102,R1_PHONE_EXACT,0,quarantined,quarantined,
abf60a029d544608b9f7e31bed689d49,9eca5b4e-82e1-426a-be3d-43c0318e5c0c,R1_PHONE_EXACT,0,quarantined,quarantined,
9fca22e82f5145a6bf922be5b470014e,fc62a43b-bd30-4397-8813-dce72fff543e,R1_PHONE_EXACT,0,quarantined,quarantined,
bea3260adb384b2b93361647fb98b7b6,18c60edc-1193-41fb-8993-0488d0746533,R1_PHONE_EXACT,0,quarantined,quarantined,
e48b509f434e4628bab23883a018b57c,51da6e6a-ab47-47e0-9df5-bde51a6b799e,R1_PHONE_EXACT,0,quarantined,quarantined,
257ca94420e9406282fb5e3e5d35e78f,f9ac1fbe-963b-4145-a7a4-ca34f9e7030c,R1_PHONE_EXACT,0,quarantined,quarantined,
32f6b2e25a4e4edaa0e70b8f282a4da9,b9f0120c-3748-4865-b187-744ff8b8b982,R1_PHONE_EXACT,0,quarantined,quarantined,
d6dbdf01808040b3b134becadcfd189c,1270e478-f8aa-4655-8cd1-98be664b095f,R1_PHONE_EXACT,0,quarantined,quarantined,
18a3242670394a72b1e900ed18fabd83,55fda75d-13f8-4496-8853-97bbccd7c685,R1_PHONE_EXACT,0,quarantined,quarantined,
bda7e39e5dba4d0e9877ec9d80663c87,d6c65ee2-3469-4d61-ae2d-1b5757e832de,R1_PHONE_EXACT,0,quarantined,quarantined,
26464a380fad404880257144504c70fc,0c178205-3347-4384-b455-930ce969b5a8,R1_PHONE_EXACT,0,quarantined,quarantined,
ab7175b9505f4a24bd8af2f3333b8c1a,8189988c-d6c8-46f2-b877-588d0d18348c,R1_PHONE_EXACT,0,quarantined,quarantined,
a999e237562b469eae2440bb1f140094,ed921617-b02c-45af-bec7-410a9f613a1f,R1_PHONE_EXACT,0,quarantined,quarantined,
e04c61f6be9d4df78098d9f8fab33158,02743930-0687-4acc-a73a-fc2cd5686a08,R1_PHONE_EXACT,0,quarantined,quarantined,
344444a035884d49a093b6fe4610b0b1,57bedf05-1ed4-43b6-8f53-06c6c28c1819,R1_PHONE_EXACT,0,quarantined,quarantined,
3c0b95fefbbd4c5bab84f72c38a04526,3988a8f3-2cc2-41a9-93a1-bc357d58835a,R1_PHONE_EXACT,0,quarantined,quarantined,
531e11d7e300410999610ce6e8d2e815,1d4e16ad-1244-4643-b589-af3ec03a7701,R1_PHONE_EXACT,0,quarantined,quarantined,
4ab6a27e60174f12af749cecb108a9c2,a43fec2a-671a-4e13-908a-9b8a8334745e,R1_PHONE_EXACT,0,quarantined,quarantined,
fdeeb81551e04f8299f3b7af6d3846fb,c6cfce38-3c25-4ab5-a4b8-d3991b3fa4d4,R1_PHONE_EXACT,0,quarantined,quarantined,
cbcbf5b602864d80b37ed5de2dbb6cbd,aaf3ea7c-2fe3-42f1-8364-6d4369ee265f,R1_PHONE_EXACT,0,quarantined,quarantined,
3717b8001eba472c887e48fec678fcb1,294c4156-db4d-43f1-9bba-3fb9f24a4f2d,R1_PHONE_EXACT,0,quarantined,quarantined,
260b376d169040f6a7cb978c6a4e4b51,407fe2c6-124c-4c08-8625-afcdfe6ea27d,R1_PHONE_EXACT,0,quarantined,quarantined,
a6c5acd7dfb64bc885b172f73e6b4f15,5d494ad4-0ee5-415d-8ac1-67165e3f051a,R1_PHONE_EXACT,0,quarantined,quarantined,
88e534a239044954a5ff352345b298e1,70ae682a-322c-4cda-9a47-97e01b3847b1,R1_PHONE_EXACT,0,quarantined,quarantined,
b9765bd89a5b4f20bb6e1d2538bfd6bc,490a3231-7ef2-450c-a564-13e6da99792b,R2_LICENSE_EXACT,0,quarantined,quarantined,
0e77f13ca954427bba6e41750a33f087,44005618-fed0-4404-b1d1-64d26547edf6,R1_PHONE_EXACT,0,quarantined,quarantined,
475b0f62fb1446afa32ad6ee742895ff,0cc4ed70-9cbc-4d7a-b6cc-3e82226c0039,R1_PHONE_EXACT,0,quarantined,quarantined,
6a259c44d7a44359802c2eb639f64fd2,31b09548-2241-4547-938c-a5cc9d7deeac,R2_LICENSE_EXACT,0,quarantined,quarantined,
25d603bcb0944f65b75a399b2026bf29,2859802d-421e-472e-9355-dccaee80195e,R1_PHONE_EXACT,0,quarantined,quarantined,
3a0c4c25317e4dee914e01283871728f,78492b13-8133-43c8-ac24-c6ac20c6d67b,R1_PHONE_EXACT,0,quarantined,quarantined,
0f66ae0488a147f1b20c29f921e74d71,39fcf3ea-6a73-42dd-b0dd-959acd800f26,R1_PHONE_EXACT,0,quarantined,quarantined,
2b5d3b9bad894f37bfc1ad1c7cea5270,11b9e26b-37e3-412f-9611-28d7faeb7d9a,R1_PHONE_EXACT,0,quarantined,quarantined,
b965823d0dbd45faa1280c922e9cd2a5,c7943e73-7bb9-40d4-a36a-6fbf336091fc,R1_PHONE_EXACT,0,quarantined,quarantined,
45ee46185be041e4b75e19df590ad712,ef556326-4e2c-42fa-bfab-6297790a4489,R1_PHONE_EXACT,0,quarantined,quarantined,
452f513549a749aba918257060fdc780,92f141d7-f170-4183-a6a4-2842c66d7ef2,R1_PHONE_EXACT,0,quarantined,quarantined,
09780af12b9c4cfe9faf30a872e9b0dd,18c1b69f-9d87-4204-9621-cc6b91526d57,R1_PHONE_EXACT,0,quarantined,quarantined,
b16b9f213f1647d6ac182e96fa758a14,9b5006f0-2831-496c-9f61-358c24e21bef,R1_PHONE_EXACT,0,quarantined,quarantined,
2dc0d4b40a4243c89990d21877d07e2c,f1456e2b-e161-4993-9cc3-3be947ca38d5,R1_PHONE_EXACT,0,quarantined,quarantined,
1ad0e9fe25d1496f8c85cef80a9ea5b0,0df9ab80-b044-45af-b557-6f0600a0b47a,R1_PHONE_EXACT,0,quarantined,quarantined,
6ce85fdc1f64482bb5683058699b4cfa,aaeb48fa-873f-40dd-b7fa-eb79356535a0,R1_PHONE_EXACT,0,quarantined,quarantined,
ec2fd4b26b9b451aade59433193acd53,b9772e95-aa6c-4244-b8af-5b8a2fd86909,R1_PHONE_EXACT,0,quarantined,quarantined,
afbd91d0eaf84588bfc3f1729ef9e601,84e51a6c-ecd2-4401-a6bd-391287d72fcb,R1_PHONE_EXACT,0,quarantined,quarantined,
31376740992e4d1692768ed3b05cabf3,3b6686a8-d5ae-4419-afd5-96e941292dbf,R1_PHONE_EXACT,0,quarantined,quarantined,
ac3e999be70248e1a7f018f3ac06e665,a6069206-c903-4db3-9462-6cf52a636022,R1_PHONE_EXACT,0,quarantined,quarantined,
657aa091d10f4399a88416bf7e002039,72e16af1-d210-4a2e-a1cd-b37033ae1852,R1_PHONE_EXACT,0,quarantined,quarantined,
c7cd074a4aa24958ae017c06760c1597,ba2c8443-71e7-4f51-b629-abe93326aa7b,R1_PHONE_EXACT,0,quarantined,quarantined,
6691ec8b342d4820bba07aeaa6258823,b032521b-828b-4cf7-b401-2d0a1a2db40b,R1_PHONE_EXACT,0,quarantined,quarantined,
9bcf8f62b0e34b25ae8df4b7afe80b39,034ee10e-9f4a-4b8d-8c51-8dda63174bdf,R1_PHONE_EXACT,0,quarantined,quarantined,
b3a0b2f621d54e3f861cb92c71c7af49,52562ecd-72db-4bb3-af63-96fdefa04d7d,R2_LICENSE_EXACT,0,quarantined,quarantined,
faeefe411cd441d98f54f40eb517e3d6,08dbaf91-5838-4a31-953d-b3b725503da4,R1_PHONE_EXACT,0,quarantined,quarantined,
10681487528e4102857df3fcbcb50d75,eaacfb9d-3c37-482c-90be-c418b2d00ade,R1_PHONE_EXACT,0,quarantined,quarantined,
9104da83112d43fe9988504b736e305e,1b09fdec-4403-4f68-b06b-add7a87f0783,R1_PHONE_EXACT,0,quarantined,quarantined,
9f183fe5185741568d9302d9d4e25b4c,5d513d43-2b97-41a7-b2a6-6c3d9b9538a9,R1_PHONE_EXACT,0,quarantined,quarantined,
1ed287b3bd6a41d9afe1ed5e63bc67b0,7b9fcdba-06a5-46c4-967d-4a2c978f4945,R1_PHONE_EXACT,0,quarantined,quarantined,
94e9d2d645194d61a9047255cd2657ce,0f056626-9f71-4575-b76d-2e23a3200de5,R1_PHONE_EXACT,0,quarantined,quarantined,
52c7f70b7d9a4ea993e73c45f6c86f48,1d0fe65b-6833-4e73-8b1d-2fef7c1df045,R1_PHONE_EXACT,0,quarantined,quarantined,
dd4c96fe09e143668299242dff0eb2d7,f3e04b05-6ee8-4042-9025-29d3d1ba9d23,R1_PHONE_EXACT,0,quarantined,quarantined,
931c0186725f41df9b59fa18cbe946c4,090ece38-a665-4d51-b14a-c856ff389ff4,R1_PHONE_EXACT,0,quarantined,quarantined,
50c3be5aea0d4ed199e77f74576a3f6c,726152f5-9d51-401a-b90f-1b3e02f4e37e,R1_PHONE_EXACT,0,quarantined,quarantined,
de9b518c760f47939c92b537ad43e5ca,ae8fe166-d147-4f53-82b7-0d24bc261345,R1_PHONE_EXACT,0,quarantined,quarantined,
ddfc8e837ea04dea97441f3fe37c1d89,9df6f0bd-65a2-41bd-8298-8aa65ff9f259,R1_PHONE_EXACT,0,quarantined,quarantined,
6f92218689cc4c6e8cef9fc04a6d9c88,a2b30eb2-4fbc-47cf-b9bb-061fa3c34470,R1_PHONE_EXACT,0,quarantined,quarantined,
53cd511caf904f5b8bbbdcfe0b840a21,50b7ad9b-38f2-4faa-9dc0-0fd70d6c8c9f,R1_PHONE_EXACT,0,quarantined,quarantined,
db57198f74a84389a8d17bcdf393d8ae,e046b38a-0b3d-4eef-9b23-cd1f39d9e773,R1_PHONE_EXACT,0,quarantined,quarantined,
9e79ec783fa0467ab89916fe28431d83,e52ee6a9-f4fa-46d6-ae80-8dba3ef8dba7,R1_PHONE_EXACT,0,quarantined,quarantined,
6ccac700354247c195abfba331710643,459d1fed-1034-4eb9-a0b3-8891915ded86,R2_LICENSE_EXACT,0,quarantined,quarantined,
004c28a367274a829a5dc56e75bc023c,40162db5-8ab0-4213-88ed-432701a563dd,R1_PHONE_EXACT,0,quarantined,quarantined,
55753fd07f1c4c67ba08a9ecbeefa6ef,cba20186-bf69-49c2-b5a8-effd56930078,R1_PHONE_EXACT,0,quarantined,quarantined,
6d6c7e70167840f9998155fa7ed8dd24,df864710-5194-4a41-beca-6051df4100f6,R1_PHONE_EXACT,0,quarantined,quarantined,
18db9f9f2f7e458ca7462f8fdb16e06b,53730e97-0919-466f-8418-c88e0aea0f9a,R1_PHONE_EXACT,0,quarantined,quarantined,
9d610fdf4d8d4fa8bd4246a12acdcd6e,df6b3d52-ee3e-472b-9e0a-359d152cc108,R1_PHONE_EXACT,0,quarantined,quarantined,
fe5e98abdb6d45c5b5c137d375b2c3ed,1ac4de1b-167d-4dd6-9cae-f5e0213a2510,R1_PHONE_EXACT,0,quarantined,quarantined,
99fcd0ffd9514326b9f82e83106f5c47,5962b320-6d8e-44de-88db-1fe02c5e5ba8,R1_PHONE_EXACT,0,quarantined,quarantined,
e58e0831d5014970bfc1b3afe72ceadb,d6f0b41e-0db0-46de-8766-e0ff54a9f6c5,R1_PHONE_EXACT,0,quarantined,quarantined,
198823839d564c9d8f966108e2f8301c,1f47881a-5e40-4ed6-aa0e-a0c090eb8f9d,R1_PHONE_EXACT,0,quarantined,quarantined,
200ce216361c4f8cb53f6d295dd84e4d,946eb799-3ff4-4c39-a446-d52e53aa1e22,R1_PHONE_EXACT,0,quarantined,quarantined,
e5aae68de156425bb73662d4e7a10787,08919699-0a0d-4a29-a124-34cd12341e77,R1_PHONE_EXACT,0,quarantined,quarantined,
c06ebf9878994be2a162de011b304120,de9ebd6a-bcc8-4b36-8449-735a2523e61b,R1_PHONE_EXACT,0,quarantined,quarantined,
2e62bc06cf1c493b8f3bc5c8d4541dbc,523a1275-f337-40af-9308-0859f9bcebb0,R1_PHONE_EXACT,0,quarantined,quarantined,
f9d49a5df66149078ddc022afc86fdb5,a9f8c0e2-6ef9-438f-ba66-d6eff8d569db,R1_PHONE_EXACT,0,quarantined,quarantined,
f0e3e721f5964235840849c79b4126eb,c34bd383-a0c9-494c-b174-b6b41bfbff7c,R1_PHONE_EXACT,0,quarantined,quarantined,
00c1407bcfce4515941e892775ce60a9,d38a69c3-3362-4f98-bc33-6cc792843c74,R1_PHONE_EXACT,0,quarantined,quarantined,
75a63a1638034f099e7c9e8396310083,ea9a6e88-d9d7-4ff7-9958-aa1dab67c7f4,R1_PHONE_EXACT,0,quarantined,quarantined,
a5f12cbf27c644afa19f8f5f7088090f,ab118da5-469f-4836-bcc4-c32805c324f9,R1_PHONE_EXACT,0,quarantined,quarantined,
0c7047be57444bd58608142487910935,80cd2fcb-1d5c-4882-81ed-b81dbaf965ed,R1_PHONE_EXACT,0,quarantined,quarantined,
6a4ee7bf64ec445ab1af79a67324b82e,78aa25eb-ffee-45c4-bfc9-4678a869d7e4,R1_PHONE_EXACT,0,quarantined,quarantined,
8edd72b4d982421885216ade3030a3e7,17e2f926-5056-4adb-ad70-db62fb54f08e,R1_PHONE_EXACT,0,quarantined,quarantined,
52c06de98d7c47a285168ffbac0fe3cb,842d5deb-081d-4b8e-b788-5446ad9d9fc6,R1_PHONE_EXACT,0,quarantined,quarantined,
8241ee57e1d542f99a02d7921c5d5828,587ba94b-c870-4de3-aaa9-aa9b7445d1a3,R1_PHONE_EXACT,0,quarantined,quarantined,
0d41d55f7a084bef82a443ad63d7cafb,e7644f4e-944d-4615-8e01-475e1898915d,R1_PHONE_EXACT,0,quarantined,quarantined,
f9285039ab674b6facda0f76fe79803e,5fefd239-f703-4641-835f-d612bb045ca4,R1_PHONE_EXACT,0,quarantined,quarantined,
68776488c2c2471780caf67fe1bb59de,bf8e2cae-6507-443a-86fb-abfe3aa7782d,R1_PHONE_EXACT,0,quarantined,quarantined,
c4c6d8aced1c4a679c9cf1331a9b30e6,1fbbe12c-bd58-40ee-a47a-3590d8d6e16e,R1_PHONE_EXACT,0,quarantined,quarantined,
43a11714f7c440ffbfb0d1c572f5147c,b7c8f683-a058-47f2-9ecf-4c71e6776e89,R1_PHONE_EXACT,0,quarantined,quarantined,
70e706511ea346f887f008f7df2580de,b1b3f7c3-f64d-43de-9ecf-cdfeabdd7839,R1_PHONE_EXACT,0,quarantined,quarantined,
6c8c905a2558446780d398b146f2617b,cadf1d06-25b6-49f0-9dc5-318fbd4faee7,R1_PHONE_EXACT,0,quarantined,quarantined,
266e85c3803a43ce8a9c09b03ee851cf,e2a44167-cc87-4ec0-97ae-5c14ea7d09af,R1_PHONE_EXACT,0,quarantined,quarantined,
9ddcf03ae95146e0ae86277d0615f09d,2e831f5f-53be-4ace-afa2-8b809b022c37,R1_PHONE_EXACT,0,quarantined,quarantined,
41a836e6dd6a47cda9de67d0c8b8b8b3,b7a221ff-51f5-4296-85f0-8f39a66ba2e1,R1_PHONE_EXACT,0,quarantined,quarantined,
2109a6506cbd4e26b7f236001d270894,2c090792-df7d-4ec9-a190-f44be301346b,R1_PHONE_EXACT,0,quarantined,quarantined,
51f5fbc0576b436690e715f1726d2187,c4973003-f0ab-4099-9f23-ee5dc37ae514,R1_PHONE_EXACT,0,quarantined,quarantined,
a3badefb0cb046adb34d518be065cf8b,d352f2f4-3421-462a-a258-8939eec11c44,R1_PHONE_EXACT,0,quarantined,quarantined,
9ec3722db7f94b2f8c4a009fbff0359f,81f86d9b-a1d3-443f-a3fc-83165fbd81cf,R1_PHONE_EXACT,0,quarantined,quarantined,
cf4ec143741d475b8f02ff388894d704,4f259160-2fcd-4771-bcb0-55851c8a141c,R1_PHONE_EXACT,0,quarantined,quarantined,
f0bef5b03db24f448feeecafddd4c90c,45f87b60-0973-4fff-83c7-b49f0b7d380c,R1_PHONE_EXACT,0,quarantined,quarantined,
1a81bdacceb44591afe3385d32a67a82,f1a9d44f-3ebf-4d56-b05a-d569dc75d462,R1_PHONE_EXACT,0,quarantined,quarantined,
54b3cf210d4245b6b371146b3bcda075,a22817a1-0aae-48a6-a62e-28e652528ec5,R1_PHONE_EXACT,0,quarantined,quarantined,
2b0fe608fc3b4ce4b3bbb75c3cbf2680,73c1e075-92b5-4587-87d6-d189f9553959,R1_PHONE_EXACT,0,quarantined,quarantined,
0be485dd7d57481b9ae6e2aa3d89c00b,daf49102-9761-44ce-979f-2969cafca2f1,R1_PHONE_EXACT,0,quarantined,quarantined,
525b33e12d014d21b4c3320763db7c01,dba622e6-fc92-4fec-83a1-d6c71f9c04fb,R1_PHONE_EXACT,0,quarantined,quarantined,
4c90af98a6954996a71825ddefd82d2c,74cda559-8c3b-4827-9d9e-e90c98ffb8be,R1_PHONE_EXACT,0,quarantined,quarantined,
b7f3936606c24a9394732091f45cabff,d7fa698d-defe-457f-9da6-95d29d56d700,R1_PHONE_EXACT,0,quarantined,quarantined,
9668561d91564263952e85cf4b2ca8a5,1a08b3c4-d96c-4759-8aa8-b85b82efe608,R1_PHONE_EXACT,0,quarantined,quarantined,
757a6ec940584139ae0a8166ed62cc08,d3b214be-f940-4126-b79c-72d7979447df,R1_PHONE_EXACT,0,quarantined,quarantined,
3ad0470bfd6b42e0a7f383ee9b669a99,da6d7764-ca10-4b13-9b52-21d427c4e5a5,R1_PHONE_EXACT,0,quarantined,quarantined,
da9b45871c8744c888ed5316973c9ea8,c83baa89-4202-409f-bcb5-1bc2da22911f,R1_PHONE_EXACT,0,quarantined,quarantined,
0a95a1373500459c94a20cffd84062bc,cfce5a26-6724-4f04-b842-5e5d58bd655e,R1_PHONE_EXACT,0,quarantined,quarantined,
b5111847cbad480b9b4cb9b54805192e,bead779f-3511-428c-966b-45a2ccb2de61,R1_PHONE_EXACT,0,quarantined,quarantined,
eb6b7a4c912d4ff4b821da6df9f452da,af3e372c-5293-4c35-92bc-bfc699d65a1e,R1_PHONE_EXACT,0,quarantined,quarantined,
471bef4df57846a599a68be28f812150,61a0009f-7ac1-4eb2-869b-e2c236f7db47,R1_PHONE_EXACT,0,quarantined,quarantined,
8e9405a84d8b4e888da671a9f027f7a8,358c5493-bc7e-4e14-b1ed-389a3f064cdc,R1_PHONE_EXACT,0,quarantined,quarantined,
f50b852e1c3b42b79769247c7669c426,67106eb1-f513-4f42-8d34-c785c2bbe0ad,R1_PHONE_EXACT,0,quarantined,quarantined,
7dd1bd497341463bad7eafb6b2740aa7,94e3154e-d056-4d40-bab5-88d26bd2ef12,R1_PHONE_EXACT,0,quarantined,quarantined,
275a733b16244403a24da66ebea892bc,db008a28-3818-4f6c-b813-1ca34266f84e,R1_PHONE_EXACT,0,quarantined,quarantined,
cfbdbf64e35141a494361169b814a582,6c39d511-51dd-4c0a-a94f-5dfb13ef1897,R1_PHONE_EXACT,0,quarantined,quarantined,
4b537d8e99dd4b239b8245e98ba797bf,008646fc-c2c2-48e8-98ca-00e11bc01532,R1_PHONE_EXACT,0,quarantined,quarantined,
62274c91612a4b128b979b9e8f001f4f,a93e3ffe-d469-4d76-802f-e970cd769e9e,R1_PHONE_EXACT,0,quarantined,quarantined,
08613b35b01146cb975087be6eb860a2,a4947d2b-d8c6-4ba1-a723-2dc3688b108f,R1_PHONE_EXACT,0,quarantined,quarantined,
3a811e96c5384e6691b15c138619e24a,3afe70f5-91e3-43e7-b8f4-328bf5af9051,R1_PHONE_EXACT,0,quarantined,quarantined,
620559b7a767402096c2caac32f42ce8,eebd1af8-fd50-4d91-af9a-78e7738fd64f,R1_PHONE_EXACT,0,quarantined,quarantined,
6daf6f79ae8745c48062310ab65c6141,65751746-a036-4c0e-b3f4-c05109d263ec,R1_PHONE_EXACT,0,quarantined,quarantined,
665767020f1f47a3ac907416028748ee,93c138ce-7ed8-4c9f-b128-6718221c5f7e,R1_PHONE_EXACT,0,quarantined,quarantined,
ab904fc2fab847bb994e91481796162b,0817fb78-1249-47cf-9c61-d61ab6393f45,R1_PHONE_EXACT,0,quarantined,quarantined,
39e4d16021054cf0a0e2bd9e9e2dad01,9db6976d-7f2b-4b04-b0a1-505ee41767bc,R1_PHONE_EXACT,0,quarantined,quarantined,
f87ca19aa651489eab5e2e40eed42a26,68b94b6f-653b-4eac-b447-babecefcc24e,R1_PHONE_EXACT,0,quarantined,quarantined,
673445fb72b34beabbe15b76381b1ae7,7e96820c-f050-4672-ba86-a92d26e13f46,R1_PHONE_EXACT,0,quarantined,quarantined,
1f436d363f16450aa252f3d3cca0d3e0,17c5733c-0f29-4915-b948-2e4bcf71c2de,R1_PHONE_EXACT,0,quarantined,quarantined,
d517f3d082f84f449b0ca3357bd35cf4,e4cf26dd-458d-482e-95d8-73ccae58a075,R1_PHONE_EXACT,0,quarantined,quarantined,
8d821a7f6c514ce3b327d4b374d44bc2,0230e5ea-8083-49b3-8284-4aa104cb2164,R1_PHONE_EXACT,0,quarantined,quarantined,
25ad0ce44ade4680b6159bed9efb4a99,265a5831-272e-435d-891b-f76a7aa7bc7f,R1_PHONE_EXACT,0,quarantined,quarantined,
53b01f4339ac43e1b27389e11673fcff,e93eafac-7817-4f8f-b192-3f3c4807803c,R1_PHONE_EXACT,0,quarantined,quarantined,
2fd5638b643947398040a98044131913,ad940ed0-39f6-4615-b411-1a3a006342b2,R1_PHONE_EXACT,0,quarantined,quarantined,
80cb5e410c7540dfa9b0c7fecc8fbc87,1fe9a883-86fc-408c-8556-9388634a71fa,R1_PHONE_EXACT,0,quarantined,quarantined,
71c29baefc9e441ebdbe7b56d3d399f5,78b9e8fb-32dc-473f-9350-c9475860157f,R1_PHONE_EXACT,0,quarantined,quarantined,
e67437d2db124e77b530112c3172fb0c,df6c9ccc-366d-4427-b7d4-3713046132fb,R1_PHONE_EXACT,0,quarantined,quarantined,
6745b04ea4954576880e74b74b55fb7f,02ca7d9e-d6c5-48a3-bd29-1479992c36e5,R1_PHONE_EXACT,0,quarantined,quarantined,
e16dc08754724058ac17babacfb3e8a0,fd2b67fa-f637-4c71-9ba1-c5bd4fc65ddd,R1_PHONE_EXACT,0,quarantined,quarantined,
f320f4140aaf411491b00f32aefe6038,c45fc71c-f278-4a98-b956-e4b73571e4fd,R1_PHONE_EXACT,0,quarantined,quarantined,
3b2c4a66956940d99908b79782324af5,2b8b107b-6f36-46c9-8852-1218c64d0ee6,R1_PHONE_EXACT,0,quarantined,quarantined,
44f195707feb40e8a038760d25b5aa03,6aea6327-e124-4569-a21f-2dfc904e7024,R1_PHONE_EXACT,0,quarantined,quarantined,
4bb2888c733244b7b544102407c39cba,cee4ae0d-c49f-4ba4-9f30-e91e6906f49a,R1_PHONE_EXACT,0,quarantined,quarantined,
0f73905ac99748e1ac745cb55728fa80,000eca94-02bc-40a8-8a6a-ab95d0866570,R1_PHONE_EXACT,0,quarantined,quarantined,
8e8ded0b1adf4212a144c166266db7bd,b0f196e1-eaf7-4685-992d-f53b01e098b8,R1_PHONE_EXACT,0,quarantined,quarantined,
4575977d314d4d6e8d9054aade8427bb,5ce5dad9-0e8f-42a5-a704-f61534802798,R1_PHONE_EXACT,0,quarantined,quarantined,
595c944e55ec46cea59a9b6a06246259,e1922a06-7ab9-4232-9f23-045135a08984,R1_PHONE_EXACT,0,quarantined,quarantined,
c89de579ec6a4dd4aef659e90f8ed2dc,f0de1b7e-ae94-4581-a695-63a1909e4cba,R1_PHONE_EXACT,0,quarantined,quarantined,
c0bb240df4994b33821ad433d3b1de2b,e35dd45f-09af-4bf9-a7e7-29742ea602f3,R1_PHONE_EXACT,0,quarantined,quarantined,
2e02b04fbf9746fca47d51f43bf7089c,574c8bd8-5d68-4370-949e-32058d963c88,R1_PHONE_EXACT,0,quarantined,quarantined,
ba7b6060186441818eefe05e591b2275,0e87a68c-e9de-4170-817e-ea1eeb593e85,R1_PHONE_EXACT,0,quarantined,quarantined,
e69a9ff2cd7c4ba69e662710b342d38f,abfe1595-8751-4980-af99-e13ae8842c96,R1_PHONE_EXACT,0,quarantined,quarantined,
f835fcd031e54e7e9b8c6b49424534d9,b3256290-ec38-4c54-b1a5-4c37b8d56042,R1_PHONE_EXACT,0,quarantined,quarantined,
656ff45dc5554722b3e98aaf900e1259,762739e0-b118-40c6-ab4c-397a176d9e2d,R1_PHONE_EXACT,0,quarantined,quarantined,
784c70384cb048ea8970b2a99c660465,e0f16909-fc86-409a-bb58-cb66a67dd3e7,R1_PHONE_EXACT,0,quarantined,quarantined,
64e26d3694944e2ba26a51e80c8d7644,030e5957-3a1d-44c9-85e4-2b5eb3a87ed8,R1_PHONE_EXACT,0,quarantined,quarantined,
e159920bb7c144368c497e2c01f291c9,8d609178-0d7c-4e24-a52b-0d9759b39218,R1_PHONE_EXACT,0,quarantined,quarantined,
913c7259d0e847d782fa6b25af973fe8,4722620a-6909-45ef-aaf8-b415138483c6,R1_PHONE_EXACT,0,quarantined,quarantined,
8f7549eeaf764cd3bbcea7e7a0d173d6,3bd43a83-e9e3-4ed7-9410-e7c8bb37b626,R1_PHONE_EXACT,0,quarantined,quarantined,
3996d2a7558a4860be7fa5f675fbce03,297a10e3-34e0-4db9-a56d-c3d9858d7473,R1_PHONE_EXACT,0,quarantined,quarantined,
57985fbdfcba456a86b732949648c800,1c82a477-66b7-4c3b-b1b5-8facb785a7b7,R1_PHONE_EXACT,0,quarantined,quarantined,
2ea6a614ea3d406a80040f4d160d98e3,df5397a9-a716-4370-b8ae-aeb2823a7cf5,R1_PHONE_EXACT,0,quarantined,quarantined,
bf331fa253b34b7e81167d0fcab08943,64885432-d69c-4265-b614-65600c4c1aa0,R1_PHONE_EXACT,0,quarantined,quarantined,
be3716e314314ec7913698dbd6f04d39,a22cd671-3b14-46d1-8392-eb6b6c92c64c,R1_PHONE_EXACT,0,quarantined,quarantined,
ce825c8c6a9f4fbab58fd65cd3ff389a,6a1a7cf1-3946-42a3-8f37-244bfb30f114,R1_PHONE_EXACT,0,quarantined,quarantined,
50da8e95338e4e6b8368aa5861974bc5,f76473b9-313f-40cb-b328-c2fc10cb8509,R1_PHONE_EXACT,0,quarantined,quarantined,
fc8467ba605748698adc5d3e9fa9e93d,181bd0c4-5acf-4bea-912b-78f879c9f991,R1_PHONE_EXACT,0,quarantined,quarantined,
3562a6ab8cc14eadb50d90ff9054fff2,bf9c9f24-f0c0-4578-8a9e-ffc91979ea06,R1_PHONE_EXACT,0,quarantined,quarantined,
29b5d759715a4d2fba4f1173b5d32bb5,4e2c0695-0324-45e0-a354-e41d02428c85,R1_PHONE_EXACT,0,quarantined,quarantined,
0d788b0d8e6844d99145176bd55f5499,0b6b572f-6013-4f18-ad5e-604553bd5b9b,R1_PHONE_EXACT,0,quarantined,quarantined,
661cb36544f64698b3b3732048850fdd,9e6efd72-07ac-4f43-b5e4-27c81e7b44d4,R1_PHONE_EXACT,0,quarantined,quarantined,
0cd078b4d7fd4bf8ad17446cc2988303,776dde83-110c-4cd7-8660-7d8c47e2b9bf,R1_PHONE_EXACT,0,quarantined,quarantined,
1c656ea41c8543efafa93ec97633a800,5d77cb55-ea6c-4f26-9681-d31028a456fd,R1_PHONE_EXACT,0,quarantined,quarantined,
c3fb0b9361c84346977f8fd74fa6b2a7,363a1159-744a-4168-87d5-df2cfdef43e5,R1_PHONE_EXACT,0,quarantined,quarantined,
653a5c4abb2b4f17889acdeb3a24c441,bd2ad774-001e-44bc-a125-99896bead22d,R1_PHONE_EXACT,0,quarantined,quarantined,
d4ab45acbc2c40c7a439604dab73c061,d5b547b2-ea66-4e36-971f-1a12982793af,R1_PHONE_EXACT,0,quarantined,quarantined,
f7309d4f920f467a91929e207d344a57,7a881d0e-3c81-4d25-a092-0ed3afec1721,R1_PHONE_EXACT,0,quarantined,quarantined,
7e23555b8b1b4e41b0c4b8ce781e5213,7339925b-c623-4af6-84bf-8adec493e2f4,R1_PHONE_EXACT,0,quarantined,quarantined,
7cdc88f7104448c8a2dceba1d9a2f87a,d10f30e6-0246-43e9-841f-5691530e09f8,R1_PHONE_EXACT,0,quarantined,quarantined,
592923fb704b45f2bf59ef765735b006,fa73ef3f-79ce-4228-aabb-08053e97d134,R1_PHONE_EXACT,0,quarantined,quarantined,
de767945527b4db89d67316285518951,739efbc9-55fc-411d-b3f3-33c9f099eedd,R1_PHONE_EXACT,0,quarantined,quarantined,
1b98f99d620a400f818aa10d4200d7a6,5ee0a6cd-f46f-4a0c-bd5a-10aba004d634,R1_PHONE_EXACT,0,quarantined,quarantined,
045b56c1696e46b3b377f946eb0b6804,35ffb5fb-597a-448d-8eef-4339616d6517,R1_PHONE_EXACT,0,quarantined,quarantined,
61514380a59e4881b656c77a4f44b3f3,e40daa53-c43d-445c-9090-29e3db99c83b,R1_PHONE_EXACT,0,quarantined,quarantined,
ad9a7bb5bbfa40eebc20f8e4e11dd927,161f3329-c67d-466f-a312-999c417840af,R1_PHONE_EXACT,0,quarantined,quarantined,
99a47c644f734f2ab338d68688aedab9,f5783f4a-dbc0-42ba-8db3-712fff542f17,R1_PHONE_EXACT,0,quarantined,quarantined,
2092cf8ac7ca4a0b842ed586f49e907f,9f3c770a-bcf9-4952-8b1d-4daa312f73aa,R1_PHONE_EXACT,0,quarantined,quarantined,
2fe6bb66fcd44fd59ac45de50f734bcc,cdbd06f6-cf9e-449f-8055-4ef5b6df78a4,R1_PHONE_EXACT,0,quarantined,quarantined,
755110b29de44e228504a292bda13468,55f0caf6-af3d-4b57-910f-72801f66589e,R1_PHONE_EXACT,0,quarantined,quarantined,
8f4bff1958a14ec78d548a7596fd8d15,b2d7626e-5f73-44d1-973d-336df507d354,R1_PHONE_EXACT,0,quarantined,quarantined,
c6b1284d72de4cecaed81de6ad61e42d,fa7cbe43-6e0b-4272-a660-d4a462a7996c,R1_PHONE_EXACT,0,quarantined,quarantined,
80c1ecd858894ff8afadac570e1ddf40,cc1c1ea8-f61e-4004-929d-1971a3922c67,R1_PHONE_EXACT,0,quarantined,quarantined,
e6f1e33eda66409c90e753cd26b2b060,18635b26-7b71-41c3-b7d6-38929d9be998,R1_PHONE_EXACT,0,quarantined,quarantined,
64b0906e99134048b43e68df782c91cd,3ae6655f-f242-4297-9cb6-c90ab18c1f14,R1_PHONE_EXACT,0,quarantined,quarantined,
3a07ca807aaa42568fe4c2d462eb24f4,4b434e93-f6fc-4f2c-999e-3b4c35001e89,R1_PHONE_EXACT,0,quarantined,quarantined,
4f13b211cdf344e681297f12e37cb4e3,95a910a2-096d-4187-a914-9eb0912135cf,R1_PHONE_EXACT,0,quarantined,quarantined,
75ccd88e962642edb0bf4dc502a9bab1,cb47e69d-7e5c-4c1d-99fe-6a046f8aa438,R1_PHONE_EXACT,0,quarantined,quarantined,
e1a37b74b301495e96fe8aebfb3290e0,8dba29e8-5252-4bee-b4a0-3b434ae7c2c3,R1_PHONE_EXACT,0,quarantined,quarantined,
ee7acccbbf5e4c3dace66a4ba939118e,f41530f9-d0ce-47ce-a4aa-7bc4fa68536d,R1_PHONE_EXACT,0,quarantined,quarantined,
01f5ccaf4d474cd5aac6d63e5122cfca,fb1db9d2-b712-4f60-b51f-7a6796024ead,R1_PHONE_EXACT,0,quarantined,quarantined,
dd0d08879dec4878930336ccec729a25,bdba3374-fe48-4635-837b-666a6498307a,R1_PHONE_EXACT,0,quarantined,quarantined,
e31a2908d5004d05a9edd81654e5deed,3e65a528-a546-4d9b-a6f7-a6043f41fdc9,R1_PHONE_EXACT,0,quarantined,quarantined,
01e7684d5fe0469394f17e00df22471d,f92af758-c547-434c-a901-36e172b0b370,R1_PHONE_EXACT,0,quarantined,quarantined,
6d5eb998b0e144e5ab3e7040248b81dd,9fd5936d-3452-4447-a148-16a52ea40db2,R1_PHONE_EXACT,0,quarantined,quarantined,
235688ff8de24cf8bdc54a680e678bc9,d9ec12f8-0b8e-4da0-aa7a-4942295c06db,R1_PHONE_EXACT,0,quarantined,quarantined,
f9be339d4e324ec5813616dcac7dfe91,c1aef427-b066-4d12-b46d-c7fed48778e6,R1_PHONE_EXACT,0,quarantined,quarantined,
b8485b16eff14ea7a502400374fe5ea0,f593b9d1-951c-4043-a152-ebdd04d71339,R1_PHONE_EXACT,0,quarantined,quarantined,
3885c88176e146d9bfde11e9c2300dda,1fcafde3-f55b-4aa5-8ba6-563c1e1388e2,R1_PHONE_EXACT,0,quarantined,quarantined,
88a89ed5afb149b6b7037150d7970c4b,4dd62473-a391-4327-9f84-5351d7fb76ec,R1_PHONE_EXACT,0,quarantined,quarantined,
23e0ba0f78aa4d6fbc6cc7f392745f36,bf7b1ba1-f062-4d24-bc8f-5b3a439c43f0,R1_PHONE_EXACT,0,quarantined,quarantined,
2447de240efe49adac978089cec27678,fb9113e0-549e-484d-b786-29383073688d,R1_PHONE_EXACT,0,quarantined,quarantined,
a28b7d3b13ab4236a7cac58ded2cfb2e,83e18cb6-3666-46fb-bd0f-dd248a0dc97e,R1_PHONE_EXACT,0,quarantined,quarantined,
2b112ca83c5a4980a116adf2e9601a78,369d8fee-e11f-4102-8ef4-5f087011f2cc,R1_PHONE_EXACT,0,quarantined,quarantined,
e82f283096f6417a85fea579bf1193b7,39167524-fa52-4a44-a9d2-ff39b1e68611,R1_PHONE_EXACT,0,quarantined,quarantined,
1185d3a57a804569963a3e6afa61df09,94732cb3-5591-43e8-84e8-bb68594671ce,R1_PHONE_EXACT,0,quarantined,quarantined,
594901cbc0364d0ba10aff1580750f91,63d4eadc-ed33-47c6-8d57-db4ea6dc9e8e,R1_PHONE_EXACT,0,quarantined,quarantined,
a588c93a21f047edb41cbe95cac0f1f9,9fdb5281-72f0-4f07-8faa-323cd2bf05f8,R1_PHONE_EXACT,0,quarantined,quarantined,
813b227b23874f9aa00dba763398ce36,9adeb282-ee9c-4648-9d75-8934291c6e6c,R1_PHONE_EXACT,0,quarantined,quarantined,
e0472a084ab9401bacce7135c4dd4965,2716c320-1827-4f62-bfb6-cf770c411ef5,R1_PHONE_EXACT,0,quarantined,quarantined,
b95593549004457fb3018fbb0be0ad6b,bd0f8ea3-db29-46c8-a17c-49ec6040870c,R1_PHONE_EXACT,0,quarantined,quarantined,
b905cfdde0954cdfbdaf6b2027bb73e2,82b4dced-7a25-4c4c-bb1a-57248492f4e7,R1_PHONE_EXACT,0,quarantined,quarantined,
1c8ea807b3a747ac8f80ea3a11ddf683,4dc9444a-4bd7-4300-a14f-f989e337ef46,R1_PHONE_EXACT,0,quarantined,quarantined,
3c1bf71e84ce4360a3defb5acc6665ac,5de28342-487c-4b0a-aec2-0d0b12f93172,R1_PHONE_EXACT,0,quarantined,quarantined,
8defb18c12fd49459ede49876a81153e,fbb82231-5402-4fbc-af6d-161805917c8f,R1_PHONE_EXACT,0,quarantined,quarantined,
16a7d2e948c24deba482719f53172686,e5e603e1-725d-47c1-a6c3-f5400f0fee3d,R1_PHONE_EXACT,0,quarantined,quarantined,
c8fa776931054e5ebfc3989f93928035,a30cddd4-7e0f-4333-97f5-9346f8a4585f,R1_PHONE_EXACT,0,quarantined,quarantined,
d0d9b24dfbc34d68abc959cb19179143,5e10f8ec-59c5-4c1f-8bce-898cdf8e086a,R1_PHONE_EXACT,0,quarantined,quarantined,
6ffe4b8b444b4577941ad0c91b237026,7d315a34-09d8-436d-9734-b0335c53bb25,R1_PHONE_EXACT,0,quarantined,quarantined,
6a1fb650abbf4ad78ff4f45fb8d08586,77d651d1-07cb-4df6-a0cf-e68b880b3b48,R1_PHONE_EXACT,0,quarantined,quarantined,
3ff935b2dfdb440b8c350938ec3cf3d0,3ef5500b-937c-4111-bca9-8faac5295fd4,R1_PHONE_EXACT,0,quarantined,quarantined,
95d67bd2c759422698ef63e260e9e3db,11e1e2e8-8b37-4919-98f9-68b3573ff8f3,R1_PHONE_EXACT,0,quarantined,quarantined,
366b42b31b9d44efb4ae3d938851de19,9a58cd64-d15b-4082-bfe6-8f4811aadf82,R1_PHONE_EXACT,0,quarantined,quarantined,
bd173e891ff04c90ac41e8826287f65b,53711747-d389-4ebe-a4dc-d87fa8efd872,R1_PHONE_EXACT,0,quarantined,quarantined,
f2d280e8873d4295a5aa31a87d012e95,e222faaf-f364-4650-ae63-05c899c2a646,R1_PHONE_EXACT,0,quarantined,quarantined,
43d4a7db4c8648e2b321f590c09845f3,d734ab00-dd65-4a4f-97e1-3313f566de85,R1_PHONE_EXACT,0,quarantined,quarantined,
f5477bd1eca249788fe117df1ddd89cb,b40ddc8b-1738-4c9e-aeab-1413a2b4f064,R1_PHONE_EXACT,0,quarantined,quarantined,
bffa5045e4a0489191004ebbf0aaf0e1,ad6eedf5-463c-49c5-8d19-445ee74dec45,R1_PHONE_EXACT,0,quarantined,quarantined,
05f30267cc5e4c42a73d3cf368fa32e8,1b6abed2-77d1-40aa-80ac-9556858564d4,R1_PHONE_EXACT,0,quarantined,quarantined,
c5e9ee41f7224e3c86ec851590fffb55,f0152cd6-6b05-47af-9745-217a46b8beb3,R1_PHONE_EXACT,0,quarantined,quarantined,
f9c9656e09c44f3da42c751203a3b772,20a00789-4c80-4fc6-b0b5-4d5c735f47e4,R2_LICENSE_EXACT,0,quarantined,quarantined,
8ba86f02a1fd466384acd6ba6f4f17fc,fe60d4a4-83f9-4859-aaf7-03552254edb4,R1_PHONE_EXACT,0,quarantined,quarantined,
4b69cf775b4540559127471c4503f32f,5ed019b4-d0a7-4ee2-a224-200a4d71426e,R1_PHONE_EXACT,0,quarantined,quarantined,
04abbba0224b42b098211ea0efa66e94,fea60206-24cc-4f08-942d-f5e86bbd64bf,R1_PHONE_EXACT,0,quarantined,quarantined,
8c4ccd5f2eb041ccbdd882445eab39d5,1ad2b5eb-3cd7-4369-a4b0-97beea36c873,R1_PHONE_EXACT,0,quarantined,quarantined,
d41287bb807d4d389d1a4c9032dd5790,75dcb902-15d1-4280-8313-09d04b52c72a,R1_PHONE_EXACT,0,quarantined,quarantined,
a738c82dbbce44a6803624448486c05c,01731c20-f996-4acd-bfe8-45d780e10709,R1_PHONE_EXACT,0,quarantined,quarantined,
a397ec572a1540188c47971cc00f305c,912bc573-3243-42c9-a040-05935c4e491c,R1_PHONE_EXACT,0,quarantined,quarantined,
3c9f1445d47a45bf8c5e857f60cf3f8b,4240697f-a8ab-4e88-aec7-1f796af8931f,R1_PHONE_EXACT,0,quarantined,quarantined,
cc15333061e34dfbaee75fbfeb4ccf0b,d518462d-9bba-4bbf-93c9-0dcc4d3954e1,R1_PHONE_EXACT,0,quarantined,quarantined,
1a4a0ac8cf1c47a38421d511e0c89521,69daa714-7fdd-4fc9-a716-85a5dcc705fb,R1_PHONE_EXACT,0,quarantined,quarantined,
96286f380ce94359b0edf8cf43cda0b7,b5e32a17-6efd-403e-afcf-ddb55efc7dd9,R1_PHONE_EXACT,0,quarantined,quarantined,
beb7709c18bf462db435f501c2b9c3e7,d74fd1eb-e9fe-4689-9798-02d2c1dbbad0,R1_PHONE_EXACT,0,quarantined,quarantined,
d3e56ac251ab45c891f7e8838c06907c,9fc45755-d33b-465f-b554-c426546a7bc3,R1_PHONE_EXACT,0,quarantined,quarantined,
ce1113339345400283ead0d20a23dd0d,c28136cb-31c4-49fc-acd9-02d2254e406c,R1_PHONE_EXACT,0,quarantined,quarantined,
6fc83e08a1ee4c80b09faf3d6c7d21f0,55415e0b-c793-43fa-83e6-60382374af5c,R1_PHONE_EXACT,0,quarantined,quarantined,
2019d337b6254bd98e05e1397c08faea,3e27ac3e-edbd-4e31-b6c7-567f71c71c3b,R1_PHONE_EXACT,0,quarantined,quarantined,
3d12a94eedf647239a9e4c6a4393cc06,099ff5a9-a7f4-4525-ac0c-c3a1f8f40230,R1_PHONE_EXACT,0,quarantined,quarantined,
6058d9aac4ef4b3d804e91a7f1fbc798,19645e85-cfbb-4c0c-8915-8d8eb6ddd4cc,R1_PHONE_EXACT,0,quarantined,quarantined,
b44fc378b84049aa9b5e6b26147e3243,8cc65f97-b1ba-448a-8d18-14e82c8a4f7a,R1_PHONE_EXACT,0,quarantined,quarantined,
9c728ab68a864de1bb3655b53c53203e,a36507f7-2e1e-4fde-8f33-bd0094c08edb,R1_PHONE_EXACT,0,quarantined,quarantined,
3063eb5f8aaa439a82d57c95ef8cac04,158018db-dd09-4961-8290-e6be0899114e,R1_PHONE_EXACT,0,quarantined,quarantined,
59644151cd7a49f3845fc8b9bb9d3b4b,f2789a97-a4be-4935-9ca1-a3f77f05b5b6,R1_PHONE_EXACT,0,quarantined,quarantined,
6c5a716ae60f408c8e349b71ca8b0c99,4ca740b5-c9eb-4745-8c33-9de323333394,R1_PHONE_EXACT,0,quarantined,quarantined,
e3781e7c47014f5b98e95f631d127cae,83f4ab4e-289c-444a-8d5d-8e64f4ae5579,R1_PHONE_EXACT,0,quarantined,quarantined,
f5a9bbc905fd43eda1101f30363ce95b,ccaf663d-a52b-4028-952c-602eeccd1ba3,R1_PHONE_EXACT,0,quarantined,quarantined,
44ddc367a567405fa956bf9a2c7119ac,2d652083-5312-4af9-899e-5c628a7a62d9,R1_PHONE_EXACT,0,quarantined,quarantined,
6070dafefb19453ba2b58e18872616e5,1e10e417-7c66-4b3a-be02-0e3fbc65e758,R1_PHONE_EXACT,0,quarantined,quarantined,
67e6bbf449414640b5826b179a8add2d,c7dc83fa-5d88-491f-98ac-ca9ab24b2238,R1_PHONE_EXACT,0,quarantined,quarantined,
82f75c56ebf04e699533b4ad0cdbc7b7,49890434-7b46-4aad-abff-7c6aefc457af,R1_PHONE_EXACT,0,quarantined,quarantined,
6152c9ad5a8c47988aecfa9c40f62b4f,3930870a-7271-4b70-b67f-3135b72ad0c5,R1_PHONE_EXACT,0,quarantined,quarantined,
05fc54047ec74fc584b30d51ffe08ff7,b928af04-3491-4407-8ab9-6c4e2b2ca9ad,R1_PHONE_EXACT,0,quarantined,quarantined,
c700e738d8344787b6195a2ff1dfa3c3,2ddb0a22-1244-433c-ad4a-6cd375110566,R1_PHONE_EXACT,0,quarantined,quarantined,
05ce949f42744ff1810547a8cd56b187,e4d24bc8-efd5-4862-93f9-dde523ce3f49,R1_PHONE_EXACT,0,quarantined,quarantined,
83ddcb2913ab44cb934f40efe39fef98,013fa24e-9058-4702-9629-7c7e707d0a22,R1_PHONE_EXACT,0,quarantined,quarantined,
12151851659a46158bdd6a35da7f4b8f,754c2e6a-f94e-4872-a70a-bfaf1034ea59,R1_PHONE_EXACT,0,quarantined,quarantined,
c4bd56bae30a46449465268dfff21c57,c7f4591c-1ec1-4af1-9259-05314ecc8995,R1_PHONE_EXACT,0,quarantined,quarantined,
762cdfa82a974bac9e30a0291e652a14,1a44ca86-29b0-45db-9e48-846f46d425c9,R1_PHONE_EXACT,0,quarantined,quarantined,
4ee0a3d79b3049a2a20684741d83899f,43105984-36ac-4e9d-b5e9-6ddf0682bded,R1_PHONE_EXACT,0,quarantined,quarantined,
7916e19f2c5e45beb49e3fe94b3d7388,2e2e2cfd-2092-4e8e-92dc-7f8c070ed444,R1_PHONE_EXACT,0,quarantined,quarantined,
db520f399c1641a9989f01aeb78b3d6f,6d9c042e-3b38-4409-8ee1-498ed0e891f4,R1_PHONE_EXACT,0,quarantined,quarantined,
958d23ac17224a16ad407d488fa1762f,5b36445b-c637-4933-b021-1c86aa33ea5b,R1_PHONE_EXACT,0,quarantined,quarantined,
11c272907cee48e69a8d49c4e7333886,9391426b-0172-4c13-aa45-26e2c5e8493d,R1_PHONE_EXACT,0,quarantined,quarantined,
d6ae4fcae27a4d5383e74f8894c1390c,91a8937d-0908-4d53-b698-10e0bd639393,R1_PHONE_EXACT,0,quarantined,quarantined,
9435db37679345e1a05f4728fe63f0b2,8c0b4df4-9f48-45b4-a97d-07c10e77416c,R1_PHONE_EXACT,0,quarantined,quarantined,
f957709f1f1741e7a8d11d76a62ffa85,49d66c47-a17b-4f45-a773-eafb84d63060,R1_PHONE_EXACT,0,quarantined,quarantined,
302c3678af5543409223302c31553700,ae631a22-160b-47e9-be7e-f11c473b9a02,R1_PHONE_EXACT,0,quarantined,quarantined,
56667e3bfe7b4d2088bfdeb42f8c5818,48e514a1-6c60-4e01-a21e-1d85ddc0ea65,R1_PHONE_EXACT,0,quarantined,quarantined,
df3dfed01f4941f2bd3be7227f7163f0,918efce8-cefd-4fd9-bbb3-6fb3510bc485,R1_PHONE_EXACT,0,quarantined,quarantined,
dcbfdea728d24854afd60b4c6695df02,228817a9-9fa2-49ed-9f5a-a8e7f85b2517,R1_PHONE_EXACT,0,quarantined,quarantined,
a5f9cb4534ef480185b6e431c130bed4,6cdc760c-c8b2-4284-a126-ffa0f47c7041,R1_PHONE_EXACT,0,quarantined,quarantined,
54d7c735115046b5bb34fb0ba4242c76,b6787196-43ce-4a1a-9960-0333adad5049,R1_PHONE_EXACT,0,quarantined,quarantined,
b825fb600b8146d4851d1ffbbe33cedc,2eff3031-f325-43d5-b961-2ee68ff8f271,R1_PHONE_EXACT,0,quarantined,quarantined,
5cc388e57a4a4449a4924d36ce55c0ca,2b6226d1-8c49-49a9-9f2e-bd5bafb0593e,R1_PHONE_EXACT,0,quarantined,quarantined,
1309d58fb40945e788164e47b8ccec78,37b7c918-33b6-44ec-8d11-dbbc011825fd,R1_PHONE_EXACT,0,quarantined,quarantined,
e7ede967e7154f6fbd70ebe8feee1b74,16d8a1ee-d839-4aeb-933f-51264978277a,R1_PHONE_EXACT,0,quarantined,quarantined,
9cec43966b5a4e68a2c50100a1a6b612,f7ad59ff-77ed-4511-9a65-0bf9ba86b1e4,R1_PHONE_EXACT,0,quarantined,quarantined,
2b492927f2574de5a411f12e4b44082a,c7bd6fcf-ff2d-4280-893d-238fd0b4e1bd,R1_PHONE_EXACT,0,quarantined,quarantined,
a3e7fccd947d4cd9a86237f349ac961a,b4e4691d-305e-437a-8474-fea82d4ef86e,R1_PHONE_EXACT,0,quarantined,quarantined,
1221dc927e66418ea4b9d9304cd98bb1,697888e9-2691-4890-995d-caae79d73422,R1_PHONE_EXACT,0,quarantined,quarantined,
66017933bf2a422bbf7c1e3ddd904eec,0a6bca86-3eaa-42a2-ae27-7bf6f91c42e8,R1_PHONE_EXACT,0,quarantined,quarantined,
4a7ef2dbe3a94b22b0b6cb18851c8d44,8088b554-3494-45f8-834b-ae15214e25ba,R1_PHONE_EXACT,0,quarantined,quarantined,
af62fc9635c54ec9b6ddc4a68da16a84,107a5ff7-05ea-4bd2-8ef6-8da696d123f9,R1_PHONE_EXACT,0,quarantined,quarantined,
2ca87c4675024fa4a2756b8514d846d3,ca9e70a0-d8e9-49e8-82de-a427db3b9614,R1_PHONE_EXACT,0,quarantined,quarantined,
22b8f36ea39c4facbf3964593a3e7034,d695731c-afbb-49c2-94a4-72f9627515a5,R1_PHONE_EXACT,0,quarantined,quarantined,
8fe2ac98453d46e7ac06e5eb35b3f2cf,e3c951cc-b0e4-4c24-ae3d-a2980e2c845b,R1_PHONE_EXACT,0,quarantined,quarantined,
dc813949e12e43f4b806798b1315eab5,bfacd9bf-8954-425b-8af7-18b5e4fc8e22,R1_PHONE_EXACT,0,quarantined,quarantined,
a9390b83375a43988c897ed040777341,812cc81e-d072-493f-a8b8-266f3d364492,R1_PHONE_EXACT,0,quarantined,quarantined,
e56c4760c765460d90e213d04ec51ba4,3d348c86-8df8-4615-867e-21c45658da5a,R1_PHONE_EXACT,0,quarantined,quarantined,
477bdf8f5eef4b3486e39c9296a196bc,d9dcab28-df70-460d-89fb-cfc3a4993a6c,R1_PHONE_EXACT,0,quarantined,quarantined,
72e3dc626f6b4854859ab16312222ca7,15be0310-62b0-4e25-ba4c-cf2b3d0340e6,R1_PHONE_EXACT,0,quarantined,quarantined,
e0f57741d8754baea86ead63da34fda0,f20f692c-ed24-4e03-9dbe-8aaa07736419,R1_PHONE_EXACT,0,quarantined,quarantined,
71c03b6f81574f339eb8c1e588e4d3d5,58b899b5-d6fc-42ea-acdc-5055eb0a2e28,R1_PHONE_EXACT,0,quarantined,quarantined,
8df0aa9b4e1f4b7b9334be2dba54c54d,c062b4f8-2056-461e-a12e-adb4f24f5a46,R1_PHONE_EXACT,0,quarantined,quarantined,
1c518d33b6174ee89bcd3da94ed50c12,92e88037-eec6-4f33-a12d-8340d21b07a4,R1_PHONE_EXACT,0,quarantined,quarantined,
9cb8d8c13fb3433ea337f2e5204fd02a,b32f23e1-c48b-47a0-a132-2f45ba06b858,R1_PHONE_EXACT,0,quarantined,quarantined,
b640014f4c0941ccbc32314cbb99334c,7bc2e634-ccb5-406a-89a3-7808e7537643,R1_PHONE_EXACT,0,quarantined,quarantined,
dda17f4280974902ad73ee7efa7358cc,b3711fd1-6d55-4065-9a08-ae00b9b3acd5,R1_PHONE_EXACT,0,quarantined,quarantined,
65aee077ea2a460897f55d130c90f088,c008be12-6b59-4c5c-9f81-9ec413b012ee,R1_PHONE_EXACT,0,quarantined,quarantined,
33c7393ca44a4aefb5baf0470e5307f8,97291279-312f-4d10-965d-0e9e71b0129e,R1_PHONE_EXACT,0,quarantined,quarantined,
16aa788fe80746b2ae7a90170e29fdd1,5cb22d23-216b-492f-ab5d-c615ed2f5f26,R1_PHONE_EXACT,0,quarantined,quarantined,
9ba41c6c506f4a5083e569594af66f2b,d590f40e-7902-4cff-a86d-bedbbceb9ee5,R1_PHONE_EXACT,0,quarantined,quarantined,
a7203dc2afe344c4b482e9f133bd939d,5a2a2441-4e8b-42df-9131-06927c5e87c2,R1_PHONE_EXACT,0,quarantined,quarantined,
1b563cd9dcf84161864631c239e00988,a3252a5c-bca8-42f1-bca2-038bc6cf4ac4,R1_PHONE_EXACT,0,quarantined,quarantined,
2a51aecebf5e43ab8c1a3cc4dfaf3e87,3db3b947-ba4c-4293-914f-f1b6e8aab684,R1_PHONE_EXACT,0,quarantined,quarantined,
064dd3cdcec14b86a1d1d1f7650fc014,fdad43be-04b6-4a1e-b7a7-1a8540794360,R1_PHONE_EXACT,0,quarantined,quarantined,
677056bfb84447a2be596fd1585dd71b,bce8325c-590e-45d6-8ae2-0daeb0d850e9,R1_PHONE_EXACT,0,quarantined,quarantined,
dcea6478a9404a4bb1dc4b7c2c39de96,f1b3f4d9-8368-4f27-8ffb-b45ca820c867,R1_PHONE_EXACT,0,quarantined,quarantined,
59a652735f374506a6a38334dd83ea48,aaa01938-f31b-444b-ab96-949182ea7f7f,R1_PHONE_EXACT,0,quarantined,quarantined,
4eaf4c26dbb64d348ae44df9eaeb6503,7b98536c-f6e3-4c41-a8c8-d27233cfd625,R1_PHONE_EXACT,0,quarantined,quarantined,
20d05aaec8bf43dba73b4ca199b6eeb7,e5951562-4756-49b9-ad04-657e04185a76,R1_PHONE_EXACT,0,quarantined,quarantined,
fafd64f21c49438fab0d4a91805d53f2,69b5f3f3-f0bc-44e4-8bcd-76e36002cfda,R1_PHONE_EXACT,0,quarantined,quarantined,
ab0c46a422604140a04bcb5df5b00062,3d5d3d3a-e622-4809-8a25-6eae9d916b26,R1_PHONE_EXACT,0,quarantined,quarantined,
163552a3dfdf41f6a490eab7172f5bb8,34ed7906-143d-46d6-a861-cd576bba6eb2,R1_PHONE_EXACT,0,quarantined,quarantined,
4421b7c4eb4341288d3a3e94d9cbf66b,314b55e3-6324-45d9-a0cc-c0f4110a84e3,R1_PHONE_EXACT,0,quarantined,quarantined,
d27582083aa549308c91c864457c3a84,f3de9406-21cc-45e6-bc4c-b95f07c7eedf,R1_PHONE_EXACT,0,quarantined,quarantined,
d2ef2587e8fd42008e1170ed5b139b68,e94d5768-822e-4b07-91d1-4783913f7795,R1_PHONE_EXACT,0,quarantined,quarantined,
fff195a9c5f749dab1b03688c7c6f25e,806be3bb-2914-43df-8e2a-8eabe5afad46,R1_PHONE_EXACT,0,quarantined,quarantined,
b17a89df7d3f4d61a7a8ab2349b9bf5c,ed32920f-ffb1-409d-818b-588a76598e2d,R1_PHONE_EXACT,0,quarantined,quarantined,
d96f02140a7140dd98a114af8ab3f736,56e61fba-9540-4c53-b4b4-4bb630bcd6d1,R1_PHONE_EXACT,0,quarantined,quarantined,
d16b8db4683f412b98a6538fcce7c381,1f771caa-6b5f-4f04-907e-90f142055b6f,R1_PHONE_EXACT,0,quarantined,quarantined,
bd0e91ad78f7417ba5e3833a5723285e,543d1e4e-c05f-4b89-813a-616fc94d3178,R1_PHONE_EXACT,0,quarantined,quarantined,
84a5f64f062e4651bc8ee93b70a90e38,757ee0c6-fcd4-464e-bd9b-dec01d2a2974,R1_PHONE_EXACT,0,quarantined,quarantined,
95a629249f9648eda1e8aa04c5d623c3,4c65774d-7fa2-46ae-b8eb-1f3024ff98a5,R1_PHONE_EXACT,0,quarantined,quarantined,
3b346d8b656a429c9b426a3ac3a101da,be6624ac-1815-46bb-b8c1-d365a8a8f2eb,R1_PHONE_EXACT,0,quarantined,quarantined,
ff327b8c0fe24fffa6b5f827f133178a,d9a33978-23bc-4141-8aa3-42ac70e66f15,R1_PHONE_EXACT,0,quarantined,quarantined,
e3abfbc4ccb443f0b71dc711788f1a05,231432af-2b22-4366-9853-856ab41bffdb,R1_PHONE_EXACT,0,quarantined,quarantined,
99059a8db7f4404293dfd3a18a5d046b,69cb917b-4fe2-46b6-aa00-195beeac0a15,R1_PHONE_EXACT,0,quarantined,quarantined,
759ac3e2a57a44e686d88caa8c647276,92a0e4e2-42fb-41ef-938d-b25ebbcdea83,R1_PHONE_EXACT,0,quarantined,quarantined,
08d6b11877874b9b8908ee732edd1bb7,88247538-4f3d-4a30-a404-9db5a2b58696,R1_PHONE_EXACT,0,quarantined,quarantined,
d6cdb36c96a94b02be1a63dcebb04c66,bafd300e-027c-46b6-a7ec-948fa3d11c3d,R1_PHONE_EXACT,0,quarantined,quarantined,
49a9e6f1ebb446dab1f3434ecd12f425,ad04ac76-73ea-4b37-9634-bf1cb3b2d6e7,R1_PHONE_EXACT,0,quarantined,quarantined,
4fbd6f4a710a49198a48761d492a41e2,f483e0ee-2cb7-4497-8687-5b23fdff0048,R1_PHONE_EXACT,0,quarantined,quarantined,
9c378453524641eab177592c89a20eb0,5b9fe2e0-5e50-45a5-aa5b-0a975770d333,R1_PHONE_EXACT,0,quarantined,quarantined,
7747e854437543559cad97248441aaec,8b7e7eda-6427-49a0-b3bd-38047204b381,R1_PHONE_EXACT,0,quarantined,quarantined,
8377a8a04b864a908f94187bef5f3a27,9d241caf-9840-4154-9417-b543d7e234f4,R1_PHONE_EXACT,0,quarantined,quarantined,
a011a99b31674fa68f0d7ae00c218472,ff7e2156-8b6e-46b7-bdb2-ac48ff124ed1,R1_PHONE_EXACT,0,quarantined,quarantined,
b6ca35da8eef49eaaa0b006c70db7b7c,51c3df8f-f8bb-4cad-a71d-2da889f339a9,R1_PHONE_EXACT,0,quarantined,quarantined,
eb17373d4e064556a7e9fc2023e97613,6d675281-86e9-425e-aa88-0db4b72f73bc,R1_PHONE_EXACT,0,quarantined,quarantined,
1e24ddf0e3914d5599d3a240edeb6ab8,6109747e-cd24-4849-83bf-9dc40b5ce827,R1_PHONE_EXACT,0,quarantined,quarantined,
16bf7afc23394d6aa5af7ebeef5660d0,2cb58fa0-f487-42ac-8a54-f2915419c502,R1_PHONE_EXACT,0,quarantined,quarantined,
f0dc0f8fadc64d6d8d12d421aeed6627,bc30a9c4-527c-40af-9806-981a67693ad5,R1_PHONE_EXACT,0,quarantined,quarantined,
e2c5a968fb75471b842fa3b84326771b,a657373e-18e6-47fb-a61e-d0948f1f48d2,R1_PHONE_EXACT,0,quarantined,quarantined,
e5e06f0625784fe8abe2ee93fffbc9ee,db0eec5e-d7dd-4688-bba4-51a332c24a09,R1_PHONE_EXACT,0,quarantined,quarantined,
a8b5885e32964c179ea5755b84ce6b6e,bfb2ea1f-23d6-4971-9f64-2e45caaddc67,R1_PHONE_EXACT,0,quarantined,quarantined,
2aebf20c1a4544ef9e888a48b207c638,73227fd2-a8a9-4987-8473-75c4d2877a1a,R1_PHONE_EXACT,0,quarantined,quarantined,
6a1c5599b5e7452cae98d2927787db8a,7cab3933-b64e-4d9a-9392-5884aca04506,R1_PHONE_EXACT,0,quarantined,quarantined,
94fb1444381e440fb3efc7f9d03c5c1d,93b4d6cf-3fb8-483e-ba7a-bcb1a06ff274,R1_PHONE_EXACT,0,quarantined,quarantined,
7d316311bb1c4310b18bb890cd72fa77,84660758-07a5-4879-99bd-a045cd300e1d,R1_PHONE_EXACT,0,quarantined,quarantined,
a752c38f7fe94eeb8fb1a3784d00e519,f7785b1c-7eef-4674-9748-84fdb007a017,R1_PHONE_EXACT,0,quarantined,quarantined,
d415f46ba6fe4e27b280216cebe2aea7,0f0c87be-eb5d-4d25-9bcc-d3dc9232c1b5,R1_PHONE_EXACT,0,quarantined,quarantined,
d2f56d5431734815b4f0ecb4ea7b76e1,702baeff-23b1-4a9a-b0b5-14d0bb510c49,R1_PHONE_EXACT,0,quarantined,quarantined,
f3c60b19669d47cfa45172b13c9f466f,9f3f8f33-676f-4eb0-9266-3cb76bbf5be1,R1_PHONE_EXACT,0,quarantined,quarantined,
956c825fd34d42b4b8a68103a7bf44e1,8e9d0ece-591c-4d99-aecb-a0acc7ebdf00,R1_PHONE_EXACT,0,quarantined,quarantined,
ec816df456e44969ae81f7ad5b2cb9b4,307068cd-3c5e-4d87-8bd3-5b87dbfacc62,R1_PHONE_EXACT,0,quarantined,quarantined,
48fa895934284623ac2cdc9d483ae2ea,3bbe6840-d299-4fcd-9f84-8480211fd5eb,R1_PHONE_EXACT,0,quarantined,quarantined,
b1e01055a7824b1196c5c4931f306a50,9c7730cf-3fc1-4c87-b809-4496f38cfbb8,R1_PHONE_EXACT,0,quarantined,quarantined,
ce88736ea9c549c1997bf68f62d5d931,78e5568d-ab24-4239-bb0f-c243a5cc29bb,R1_PHONE_EXACT,0,quarantined,quarantined,
ba94d8d171bd495ba9d64a02764d857d,13b281ea-908c-49e5-bcdb-e2e2cab53616,R1_PHONE_EXACT,0,quarantined,quarantined,
ee5bca052de64509bbe3879869737128,5b2b7631-ed27-4929-905b-5099a2b55225,R1_PHONE_EXACT,0,quarantined,quarantined,
6babef829d1c43f6aafbe3b16ea465bc,580b3e14-0c44-4a71-a278-5e0b9c80ed08,R1_PHONE_EXACT,0,quarantined,quarantined,
32b7ec6ef91b431591e4ec6516378924,2e1212cd-4c01-418f-bb76-d23eae745e98,R1_PHONE_EXACT,0,quarantined,quarantined,
aab91daf213a43ceb721693b5a2093a7,cfbf128c-5ca9-4b01-ae9e-414d0a01145f,R1_PHONE_EXACT,0,quarantined,quarantined,
00ad5392793743abbf534dd3b2371102,e8f4ca4d-b805-44bf-a112-4f32b679ea43,R1_PHONE_EXACT,0,quarantined,quarantined,
d7f059d881634094b55ed68197ede6a7,feef4a79-7fe5-41c6-b8db-b7f9e5ac577d,R1_PHONE_EXACT,0,quarantined,quarantined,
70f6b84d6bdf47fc86dd1d7ff9dbb7cc,edfaa423-a6c6-4f64-b2b7-086160f31caf,R2_LICENSE_EXACT,0,quarantined,quarantined,
fedcfa32408d479b80f9608b9b831a93,12231e7c-fe88-4769-8a29-ffb9eb3bfc85,R1_PHONE_EXACT,0,quarantined,quarantined,
72b7503e57144bd5b1b67bb7551755a9,9a797158-d4a8-4479-bcd3-539ff32f2389,R1_PHONE_EXACT,0,quarantined,quarantined,
fca52df1fc11418c8265d8f5cebffb13,9011fb3a-03e2-482c-8481-e5d224aa41b9,R1_PHONE_EXACT,0,quarantined,quarantined,
21a0950b06964879adf4868865ad82b1,c1379242-6d04-42a0-b109-b768d74a6986,R1_PHONE_EXACT,0,quarantined,quarantined,
2849a907ee5d42b9b04037a09e2116c0,79d993cc-b4f3-478b-8974-852a226e76d0,R1_PHONE_EXACT,0,quarantined,quarantined,
4b628e5d9f31450d88c16aaa83ccce57,8cdf9b07-56f5-411b-9ab6-85e3c7c7792c,R1_PHONE_EXACT,0,quarantined,quarantined,
b480e9760b6f4b0986bdd2578e137ce1,f85710a7-720b-4213-a034-ce12149084fc,R1_PHONE_EXACT,0,quarantined,quarantined,
0023e9e611aa4ad089d7272bc9e8e8d0,3431c9be-217b-4b0d-bfc7-598d52b54d6d,R1_PHONE_EXACT,0,quarantined,quarantined,
2171208912db4e76bbba19b9944119ca,86a1b89c-50c0-4d00-8f53-0c07de3ef085,R1_PHONE_EXACT,0,quarantined,quarantined,
875a2279fd2e448a877fd621eb361f71,53298192-8ca9-4786-a092-430bad91c299,R1_PHONE_EXACT,0,quarantined,quarantined,
49f3492271ac41cd948f5ed903ee6202,f57632eb-6254-4e7f-9212-4cdf5984fb1a,R1_PHONE_EXACT,0,quarantined,quarantined,
1624ed222f454f47b33241228d4e9176,37c683fe-fb66-4c8d-a600-185535938632,R1_PHONE_EXACT,0,quarantined,quarantined,
7eb63234e7ad47b1b0533d6d4fe6f8eb,f8ea833a-6b15-46b4-ad19-4dee6ae17992,R1_PHONE_EXACT,0,quarantined,quarantined,
7d0f98be18b24030b75929a6dd173cd0,aa92ca0a-e273-4039-9b65-99665dda591b,R1_PHONE_EXACT,0,quarantined,quarantined,
816d6c0657814ab38f66549baca3f945,b5629a93-a9a9-4e9f-8a08-fa12c6cb3f77,R1_PHONE_EXACT,0,quarantined,quarantined,
1fbed48e5935498c889117c428a558ff,b6d8873b-6c3e-49df-8884-bfafe2bb9e46,R1_PHONE_EXACT,0,quarantined,quarantined,
30faf699595242f392ac077a70849e20,387affd9-d0ce-4707-b2e6-96d4b24dad66,R1_PHONE_EXACT,0,quarantined,quarantined,
d14c95eb21674474a392c43a90d1af39,0e6b0abd-14d5-4fc7-aa52-9270d4d6b46b,R1_PHONE_EXACT,0,quarantined,quarantined,
d9e97583b17e4ad18172fba17ec0bfc5,5f7134dc-5665-40d2-b455-bb42f0072680,R1_PHONE_EXACT,0,quarantined,quarantined,
a4821e83e35242919f045e419eadbfae,4d2b978e-ddae-4be1-bbab-7fc286aa57b6,R1_PHONE_EXACT,0,quarantined,quarantined,
b95d1343f3124af3aea4e0c3dfb8a10f,33ededc7-7220-4191-819a-8bdfa3e408f6,R1_PHONE_EXACT,0,quarantined,quarantined,
03f1ad09aa014b9aa81742d6ca8d147a,11fd0bf6-902b-43b1-9e62-73996f464195,R1_PHONE_EXACT,0,quarantined,quarantined,
d18db17e8c0b49e8b5311f0624c5e39f,71dec11b-c012-42da-a093-c08a088b4eb1,R1_PHONE_EXACT,0,quarantined,quarantined,
121d682bdc4e4870b699ca429a242971,67a322a3-cc51-4eb3-a3e1-653d86b7a0f5,R1_PHONE_EXACT,0,quarantined,quarantined,
746da2ebef354758b7f59f457e6e6c2c,697085c3-8d9a-46d2-bc53-13d1b2b78b0c,R1_PHONE_EXACT,0,quarantined,quarantined,
bcd70dca9d8345e097891444d0dcf4c8,b32fc1f0-d57b-4c5f-a433-be2dcbf54c8c,R1_PHONE_EXACT,0,quarantined,quarantined,
245fed7be90d4b51b5fcc17e85b283b0,ef4439cd-9908-49c5-a5ca-f80c057d8ff1,R1_PHONE_EXACT,0,quarantined,quarantined,
2e41b29179944b689dc271202bf04223,fd788240-ece2-4c3f-98e9-fcc065e63602,R1_PHONE_EXACT,0,quarantined,quarantined,
a12157dbd5c84a98a8e6f3d330b69433,4879d83f-ca62-4c83-8b33-f4180a943e0b,R1_PHONE_EXACT,0,quarantined,quarantined,
83ddd6361ec34e619b776610bf6d69ea,e5caa74c-4f90-41d6-b3ea-567e15bcc939,R1_PHONE_EXACT,0,quarantined,quarantined,
b97d7e890c294a879921a623e622beee,6df272bb-dd75-4538-8050-336e7d77b456,R1_PHONE_EXACT,0,quarantined,quarantined,
9dd3c1128563479ba8789060af010549,c218bd84-ba77-4591-9937-fa55c7c243b9,R1_PHONE_EXACT,0,quarantined,quarantined,
c237536dfd564dbea8cc4c50cf82835e,1714e198-c6b0-4020-8fb7-f06ffcbb937f,R1_PHONE_EXACT,0,quarantined,quarantined,
5774db88e42440c4ae6d99a9f03527cb,f95b0fbc-cd2e-404f-9f94-a50159e8742a,R1_PHONE_EXACT,0,quarantined,quarantined,
6ca45cdf7dc94cbb9a9dc6f6991334ef,c0a33f57-8f85-40c3-9e96-38c30b201c5a,R1_PHONE_EXACT,0,quarantined,quarantined,
cb1636bc97fe420a8d9da50797a76268,9d16b426-b03c-4ec2-9575-91b4003794fc,R1_PHONE_EXACT,0,quarantined,quarantined,
2a82f261347d42959e36b0f8f2a1476d,4eae69eb-cad3-4075-a083-117b4c0f27ae,R1_PHONE_EXACT,0,quarantined,quarantined,
8c7873cc4f5a4b998029c6174ca3aec3,6968e50a-413f-4c5c-8d57-53972f6e1479,R1_PHONE_EXACT,0,quarantined,quarantined,
412d0dd02d714530a20c14b3ef39c2c0,e9e0ace5-52b1-42b9-86bc-ba6004b90c9d,R1_PHONE_EXACT,0,quarantined,quarantined,
f2ad3a1289a040b9bb3ad8f4df8d2fcc,4955549c-b769-43f8-af97-398f730ffee6,R1_PHONE_EXACT,0,quarantined,quarantined,
22cac9b711284240bcf31b99ae9c25e6,78bf62b4-4587-4987-a2b9-cfcb26b57b3d,R1_PHONE_EXACT,0,quarantined,quarantined,
b31ebe4eb8cb41d5a1a48eb005006721,0d0e3a6f-a9f9-41eb-807f-9bdadd2f568a,R1_PHONE_EXACT,0,quarantined,quarantined,
2d979549845b4d53b2f2794f3bab8cbf,ec2064a1-08b5-4683-8138-7eead0649f8b,R1_PHONE_EXACT,0,quarantined,quarantined,
e56176222b7948b4bf5a9d35f05acde3,b30f5200-2f3b-4f72-99a2-95d01825145b,R1_PHONE_EXACT,0,quarantined,quarantined,
25190e32406645a2adab0d87fe5c3649,ea6be62a-9211-42a6-ac39-da9b722c5140,R1_PHONE_EXACT,0,quarantined,quarantined,
79283f23164247d987a0179e4a07b8f8,a28602df-3e42-4f0c-bba9-6a67113aee4b,R1_PHONE_EXACT,0,quarantined,quarantined,
e608f165a8c048b593b62868becb1107,b1a23d91-f8a1-41d9-baa8-6175b304257c,R1_PHONE_EXACT,0,quarantined,quarantined,
643575c4c0cd4afdb2d75a1ad989567e,fe522278-2b42-4ad8-8fcb-10a5fba84ec5,driver_direct,0,quarantined,quarantined,
96cd63b2936f4e989973b727e19ead45,234cf596-b29e-47e9-80e1-a5728351e1f0,R1_PHONE_EXACT,0,quarantined,quarantined,
853fc1667dab4291a3ab7be3fdc2796f,d79b9920-369b-47fe-87f3-a0a771c4087b,R1_PHONE_EXACT,0,quarantined,quarantined,
6cdfbf2436b84706990b6860d5859daf,9e615603-93a1-43da-b90c-a039751fdc74,R1_PHONE_EXACT,0,quarantined,quarantined,
91d83cba03e643bfa0a747a5a99bb317,1155f360-7eb8-44c3-86d7-10a8c2a38f6c,R1_PHONE_EXACT,0,quarantined,quarantined,
a87d16db1f4b4056b3f2197c638e8526,fa066f2e-8715-42d4-a730-060e2892078a,R1_PHONE_EXACT,0,quarantined,quarantined,
0e12aa0d4b1d439e9c5a5f105d359cde,5ca13ac0-16d0-4f72-86e4-baa48ddc8a1c,R1_PHONE_EXACT,0,quarantined,quarantined,
2a2d56b0ca954764868dc9cbbf5c5b02,9ae4baaf-766b-495c-8ab3-320ae3017f02,R1_PHONE_EXACT,0,quarantined,quarantined,
733c044a512a48e6b1f314d55eeeb1b7,bbd44c9c-a4d3-42c1-bab3-a265d9ac47d9,R1_PHONE_EXACT,0,quarantined,quarantined,
5eb66d1d105a449eacb09bc60b943567,e337aa74-05ea-4693-a545-22fbe4532a17,R1_PHONE_EXACT,0,quarantined,quarantined,
439eda54b4014b6398c7937e3c60c31a,0c106a48-b302-4f7d-b400-ec98cbebc33f,R1_PHONE_EXACT,0,quarantined,quarantined,
f5c3b55cdbdc4baf8cddf229f1d828f1,33c4230b-5ffa-4234-a337-95f03799fcd9,R1_PHONE_EXACT,0,quarantined,quarantined,
605539c11da245d3b63189b344cf6f51,05e27c52-401d-4ed3-b1f7-295e4d04dc73,R1_PHONE_EXACT,0,quarantined,quarantined,
35cb4569736b4b33907cae641a212875,546f439a-1922-4abb-847b-265c67796edc,R1_PHONE_EXACT,0,quarantined,quarantined,
4b4435e701a6407da02ef75ab6594086,28faaebe-5a5f-4ded-b48f-dddf40a986b7,R1_PHONE_EXACT,0,quarantined,quarantined,
240afce45cdf456ab860f6ed0f5c50d2,af7b1857-02df-478a-bba7-d4499dc0ea70,R1_PHONE_EXACT,0,quarantined,quarantined,
e490d5954fcd4a51ba53d970c7a6ca11,5852755c-b2cf-459c-aa20-45dee5ab288d,R1_PHONE_EXACT,0,quarantined,quarantined,
74cc2b34e62a405c9a884d77bad4c4ef,7511d147-1b4d-4114-8ec1-c70408401c48,R1_PHONE_EXACT,0,quarantined,quarantined,
7cdf934148044504b0d28a84f632229f,dc0c4ca8-3fbf-4f72-b793-78c5096ad0a9,R1_PHONE_EXACT,0,quarantined,quarantined,
89074b25c832470bb101ce4c0671d75d,cefea373-4b9b-46b1-a77d-57d1365f95cf,R1_PHONE_EXACT,0,quarantined,quarantined,
d35baec3ee834c949b44cecdd3497f2d,11dd45e9-4d27-4aae-8a06-f7d206cd7b6e,R1_PHONE_EXACT,0,quarantined,quarantined,
679fbedef8634d3599b2064afbf26977,3d0bf8ff-91d3-4d88-8c07-808cc3df9169,R1_PHONE_EXACT,0,quarantined,quarantined,
151e0efdb60e42618fc9566953044014,e64d0a5b-94b6-4f3e-8dab-a38e35fa1a38,R1_PHONE_EXACT,0,quarantined,quarantined,
190a31002ad8415ba0e15d35851e7216,476a518a-cece-4ce0-b435-9ff79f8d7334,R1_PHONE_EXACT,0,quarantined,quarantined,
08e6116561174756816c335a33eb9d67,4df04d8b-f53d-4724-a1f5-ac91debe1c6a,R1_PHONE_EXACT,0,quarantined,quarantined,
f1fd79ab4e524bacaceae4b579b7cd50,aa5d173f-0f07-422e-8a8a-64f245fc17f4,R1_PHONE_EXACT,0,quarantined,quarantined,
0286b88aa9be4e8780897aee4204d215,4dcc8e3e-a915-4f67-9018-2d1c03929426,R1_PHONE_EXACT,0,quarantined,quarantined,
90121c69c9b84f328943bcb01116fcb9,396fff13-fcd5-452a-9f7c-1f3ae5191540,R1_PHONE_EXACT,0,quarantined,quarantined,
15a6a1db39d04c8288bf42d23015f593,c73832ef-8382-4f1f-b352-08a91d49d613,R1_PHONE_EXACT,0,quarantined,quarantined,
fdf96af8ce7744f694d58f9183e13285,f8ea9e8e-de43-41e6-82ce-7564b2dfda17,R1_PHONE_EXACT,0,quarantined,quarantined,
5180a92277b7479a97cb5919612fa1cc,c516ad37-53dd-48dd-8e8d-b6b6ed2b3820,R1_PHONE_EXACT,0,quarantined,quarantined,
105f619d6f634758930e404ef50c8a5f,c126ef9f-522d-468d-9945-921e758dea50,R1_PHONE_EXACT,0,quarantined,quarantined,
b73ef5ae0dbb4d75a799189e36f983f4,1655cc7e-27d8-4f06-b55c-eeea5badf040,R1_PHONE_EXACT,0,quarantined,quarantined,
91306bf63b4145898d42d5bd048685ac,e7f071c9-d128-4c1e-be93-c9814c902e5e,R1_PHONE_EXACT,0,quarantined,quarantined,
bdc77c1d53a84a6c8aa81dd40fda74fe,f4d06608-f9d7-4338-a730-94842f2427fa,R1_PHONE_EXACT,0,quarantined,quarantined,
4c7dc852a90a4e658fb237b0f4b4fafe,d563c580-e2e0-40a7-a0dd-b2ecf751d795,R1_PHONE_EXACT,0,quarantined,quarantined,
4ebc1349dbbb46539224403919e3c267,bc8350fe-f971-4242-8ca0-72f728c4757d,R1_PHONE_EXACT,0,quarantined,quarantined,
44dd5b2e54474f539adc6cfd26294e82,e65bbde9-478c-45cd-83de-3bb53e93ca1e,R1_PHONE_EXACT,0,quarantined,quarantined,
7c2baaa8515b40eb86c8c06e04a6d752,17ccdf1b-a09e-4524-af39-ae141e260afb,R1_PHONE_EXACT,0,quarantined,quarantined,
4cc21cfd603246d094912b4e4ba668b7,4f8ac8fa-67e2-4117-8497-2d45a4d323be,R1_PHONE_EXACT,0,quarantined,quarantined,
8370a701cf634a61bf9084acb6fe405a,2f0e807a-146e-4dbe-9111-ab40a7ce1469,R1_PHONE_EXACT,0,quarantined,quarantined,
edf025bd5c834b4e889d76edef4ba349,083fcd8b-5199-41de-8806-6f550480bdc7,R1_PHONE_EXACT,0,quarantined,quarantined,
de2baf5518a04176ab29738b4fa0e8c6,0a996c77-22f9-487d-84fb-6a2c624abfe0,R1_PHONE_EXACT,0,quarantined,quarantined,
25fc753d68ad4be2932e49cec514be96,bcdaf2fa-c606-468b-9e80-06c2d141abcc,R1_PHONE_EXACT,0,quarantined,quarantined,
8c098c649d314dd4b54fe43b4886a698,5ab9a864-8a47-47bb-bcb3-9f906e110cbe,R1_PHONE_EXACT,0,quarantined,quarantined,
17fc170059584f329e68923b98dd8598,eb273c0c-7faa-4e5b-ae73-1cf8c4585cdb,R1_PHONE_EXACT,0,quarantined,quarantined,
42075a9d88fe4bffa983afdadd39d32c,36f96d36-60cb-4b0e-b989-31e954aef8cc,R1_PHONE_EXACT,0,quarantined,quarantined,
26609dbacfd9489ea2d79be76ad748ab,95c48a29-cef0-4391-a0bc-49e2edc1ad2f,R1_PHONE_EXACT,0,quarantined,quarantined,
bf403375fcaf4ac7bc221d672550f033,de401f61-d38b-44ee-9ecd-14b1eb509f9b,R1_PHONE_EXACT,0,quarantined,quarantined,
b647cb02aef646279d4969a98e5480f0,cf764e57-d545-4206-8c24-8ef4221873d6,R1_PHONE_EXACT,0,quarantined,quarantined,
7577695034d642b6a724ec3092e6c7fc,ed1d05f7-49cb-4494-9505-558385277073,R1_PHONE_EXACT,0,quarantined,quarantined,
6f8237f942fb42929957a3da72aa3aef,38112acb-2a1d-4154-b347-4107e8c86131,R1_PHONE_EXACT,0,quarantined,quarantined,
b7a646cd716a47b49397dd107648cce9,bcafcdec-bd4c-481d-ae51-9dc6d0aba3ff,R1_PHONE_EXACT,0,quarantined,quarantined,
ccea9cd681cc427388790a74508402e3,427501d8-e95f-4684-9f0b-5c7ee914840f,R1_PHONE_EXACT,0,quarantined,quarantined,
f920f0c32da94b42a6589319382a0907,98e14c66-d5a9-4653-a413-4475b6e04562,R1_PHONE_EXACT,0,quarantined,quarantined,
f254118c21aa4e358efd0962e81747a9,174f61c6-7ecd-4535-9331-8bf8da41b5b8,R1_PHONE_EXACT,0,quarantined,quarantined,
41c02b1cc996403cb9df1ad4b25bda5f,7ae8cb67-c66a-4051-8038-96068992af9e,R1_PHONE_EXACT,0,quarantined,quarantined,
ee56cbe201b54731916f1d384160b0d7,43909549-6b54-4313-9f90-81257c314004,R1_PHONE_EXACT,0,quarantined,quarantined,
5d158744011b4a5083e99d9858cd76b5,cb44264b-15e7-432f-b97f-99acf14c9469,R1_PHONE_EXACT,0,quarantined,quarantined,
2773ee07e14546b691a1df7e97985dc4,43f7b574-086e-4bc0-9f8d-8f76e72d28f5,R1_PHONE_EXACT,0,quarantined,quarantined,
7e8ac72a55884fa2ae0a25327f7b5e0b,4d0e476a-f44a-45ec-b435-f0aeecabaf55,R1_PHONE_EXACT,0,quarantined,quarantined,
e0cdfac452054eb18c4c8ac985818176,d0c3c17d-55c1-4d03-adc3-604cc383a83e,R1_PHONE_EXACT,0,quarantined,quarantined,
98bfe07c4cea426d8d8636ec939cb9fa,7ac44594-008e-4ed6-9da6-7ff07687badd,R1_PHONE_EXACT,0,quarantined,quarantined,
7a7791d5579a41a09e5fc19cf2e3cc8e,48040c2a-7a29-4904-851a-2722b839302c,R1_PHONE_EXACT,0,quarantined,quarantined,
14b849428ddc45dba1a4cb2ed1609856,64fe952c-9180-49a1-ab1b-bb62005bfc8b,R1_PHONE_EXACT,0,quarantined,quarantined,
4bae7675310a48d69c62951fe0276fae,d9ff9ee3-5132-485d-85df-91bc01edbe08,R1_PHONE_EXACT,0,quarantined,quarantined,
a704b847c8b4424fb875cf22a4dc9d3b,f5e9e13d-de80-4b58-8eb0-0fb61664fa1b,R1_PHONE_EXACT,0,quarantined,quarantined,
d8d8e27c778d4eb69dafbf08841962bd,25faa2dd-b2cf-4c1b-acac-f9714998c4d4,R1_PHONE_EXACT,0,quarantined,quarantined,
9833891555a4415583bd204ab434805b,8276c158-40c1-45e7-b7de-bd3d558c7358,R1_PHONE_EXACT,0,quarantined,quarantined,
71dd0c69399c4c5cae0baa1c3cc15abb,e36057c4-bd0d-49ff-8cf3-e37221a6f379,R1_PHONE_EXACT,0,quarantined,quarantined,
6faa19ea603044cd98269b4e642375d2,7cb64199-b76e-4aa8-a008-3961834c1d8f,R1_PHONE_EXACT,0,quarantined,quarantined,
bafcd9e00f104e5fbfbc1f170c5479e1,76a64f70-3e1a-4c4b-852b-0b1e5d3fa73a,R1_PHONE_EXACT,0,quarantined,quarantined,
1363567e5e764d01aa5e407f3dde97b8,c10dcb01-2ba1-44be-9840-6388e7d462be,R1_PHONE_EXACT,0,quarantined,quarantined,
5100cce05733421a88b91baf8e84ff42,9400be47-00c5-42d3-a9f7-17cbcce5108f,R1_PHONE_EXACT,0,quarantined,quarantined,
0ec2c6b0eaa34fd385243c378310d6bc,1ff9fdc3-9ef1-40ac-93c3-193229c3ca0c,R1_PHONE_EXACT,0,quarantined,quarantined,
4b655dd9b55549e093f4a7a7d6bd1272,44f067f3-5428-4b37-9f30-c5b84308c497,R1_PHONE_EXACT,0,quarantined,quarantined,
9518f764999b497fac99ec3c8a50e7a8,77bb2ca7-1f14-4152-b0c2-7dedb433592f,R1_PHONE_EXACT,0,quarantined,quarantined,
c0dee92886c142ea9600a75f319334a2,55428b78-1199-4365-baef-c6bcb9645181,R1_PHONE_EXACT,0,quarantined,quarantined,
e08ee26f56794cd98b06592548876891,eb2f05d8-533c-4fd3-9924-d41a2f6ba5d7,R1_PHONE_EXACT,0,quarantined,quarantined,
2d846e2d9c5347e3a476332838b35b17,406aedf8-d370-4433-805d-79306ccf59df,R1_PHONE_EXACT,0,quarantined,quarantined,
8e3b56f4a04e4f108156d0d6e817de9f,8c3478a9-e20f-4186-9043-1d975a8a1bb8,R1_PHONE_EXACT,0,quarantined,quarantined,
84aac92011c74e529dbcb8e0cc287e90,e8c850e3-6ce5-446b-8f1f-c7dcbb3ea913,R1_PHONE_EXACT,0,quarantined,quarantined,
4064c28214754b839e6ab0de82b4472a,c3a77319-807c-4942-9ef3-2122116062a3,R1_PHONE_EXACT,0,quarantined,quarantined,
7cd7ad10256d427e865d25f151316c2c,92fdad9d-6d61-42ac-af10-2e6060dc2e1a,R1_PHONE_EXACT,0,quarantined,quarantined,
808c6f64613b4602bbf00d3c68514e13,10091dcc-f3aa-49d0-9eb7-5c1fbd1ee23f,R1_PHONE_EXACT,0,quarantined,quarantined,
1722ba281f9a435ba53e4a1d7ca32a04,06a8cb9d-f4e9-49b7-8b5e-c3cc855353b8,R1_PHONE_EXACT,0,quarantined,quarantined,
4a6a31f4248b46a6b3fb0e5ed2480ce9,9eed50b6-f1d2-44ff-b4d1-62f2d942cd30,R1_PHONE_EXACT,0,quarantined,quarantined,
91ddb67b9a794f229d8253d23257009b,aab58da6-78b7-48c5-96fd-4dcc08f76154,R1_PHONE_EXACT,0,quarantined,quarantined,
faf9181eeb3a4badb22fe62937b35835,fe7d5786-e4b0-4d63-a7e4-9d2c5bbaec84,R1_PHONE_EXACT,0,quarantined,quarantined,
c64e4af536614829b055c95de848af51,477bd911-5ab2-48e3-8cb5-b1404f2178c1,R1_PHONE_EXACT,0,quarantined,quarantined,
05723412749b42d2a6dae3870b710b5a,5328f0b7-64c1-4b91-aaf9-f1517498a455,R1_PHONE_EXACT,0,quarantined,quarantined,
53a8e0cd424e4c389d80137f50911dc6,d91ad75c-78a2-4c95-af15-1d5a969e3f0b,R1_PHONE_EXACT,0,quarantined,quarantined,
abf8488a234048d9b8af774f8d1c688a,07796b19-05fc-4f9b-91c7-89218bf690ef,R1_PHONE_EXACT,0,quarantined,quarantined,
f62553a243ad4f78be4f3b651ba2a9f4,443ecfc1-1757-4953-accd-303d487cbc5d,R1_PHONE_EXACT,0,quarantined,quarantined,
650f47708bd14f9e9cc088381644d146,9b7a9af2-aa95-49b6-9f1b-814f85d220b9,R1_PHONE_EXACT,0,quarantined,quarantined,
adfcb5d4611942188b0552d4aa1cca84,2d349722-5589-48ee-807a-fc13648d681a,R1_PHONE_EXACT,0,quarantined,quarantined,
173f5d26072f488e99c7435b2f2e384f,1e9b59e7-bce3-4c48-b262-75a858c65e63,R1_PHONE_EXACT,0,quarantined,quarantined,
087152a4c5cd4a0aa9a58f89008e7a3e,7768e4a3-7a40-4252-80b6-c1c3fde9f67e,R1_PHONE_EXACT,0,quarantined,quarantined,
3700ce272f7f47f0bf3bf824607936ae,70c6ea15-da90-4a71-a9cb-e75567e74757,R1_PHONE_EXACT,0,quarantined,quarantined,
696d09d751a54a96bbfc0e8a0243ccad,3cf6646f-6c11-4a03-a80d-b2e4a8569c73,R1_PHONE_EXACT,0,quarantined,quarantined,
f82639401c3b4c11a8c4c595afa7674e,b3c5c623-0ebc-426c-9b33-fddd8f40c8f8,R1_PHONE_EXACT,0,quarantined,quarantined,
b0e06f472708479792b16e79124435e9,400b9158-fdec-4641-ae5a-caed27ae6236,R1_PHONE_EXACT,0,quarantined,quarantined,
42c0bfa4d2504e86baab95f8ce33d5a8,8cb38644-accc-4526-8b88-57f469d4f989,R1_PHONE_EXACT,0,quarantined,quarantined,
cfc6611068624c9aacbb5ab17769d674,6013e28a-5bfe-4e83-89d3-79e884ac3005,R1_PHONE_EXACT,0,quarantined,quarantined,
e828f30b2b464c54ad79663311e1b1de,9bb0f8ed-9fad-4958-a0f8-64d29b926859,R1_PHONE_EXACT,0,quarantined,quarantined,
c33c57a704e64c338f35c038dbded656,0564a8ab-e12e-4a2f-b578-608816832a15,R1_PHONE_EXACT,0,quarantined,quarantined,
17c8b38668574820ac3d7aafd0561251,0dfcc5c1-d2e5-407f-b0f1-62da8b12af6d,R1_PHONE_EXACT,0,quarantined,quarantined,
8f4d488a0f2c4e86abbbcb182415df4a,11850845-0893-4b7f-a0bb-a92270d74ebe,R1_PHONE_EXACT,0,quarantined,quarantined,
df0ec88e961e47aa969c140c8ef3af3e,be996563-01f7-4c0b-8f00-3bee3caf9f9f,R1_PHONE_EXACT,0,quarantined,quarantined,
66a24052eeab44119929006bb2055932,e943f2d1-0157-48c3-93ab-937e62fb058d,R1_PHONE_EXACT,0,quarantined,quarantined,
53c74439510d47e3ba8f2984eb271ae2,59450d07-6ce6-45aa-97b5-df51cf5b023d,R1_PHONE_EXACT,0,quarantined,quarantined,
c631be61a52e46148d8afcd4bdd68803,9c042645-9b2f-4f43-8ba5-a89bdb9eb674,R1_PHONE_EXACT,0,quarantined,quarantined,
944bc39501d24a948fffe57248813b2d,cf51be99-00e5-454d-946f-71e5e288e35b,R1_PHONE_EXACT,0,quarantined,quarantined,
57fdc3dcf1b148d195a950a8a10a33f2,8ab1eb8c-ed3e-4c26-98ec-7d1e8e281d82,R1_PHONE_EXACT,0,quarantined,quarantined,
65c4613b1a704ce5b2e6776bbe5abe96,ff2f2da0-469a-4cdb-a9db-fe12b3ab3ecd,R1_PHONE_EXACT,0,quarantined,quarantined,
ed8e46f1957a4a87a2de4d69ce66c016,fc461356-674c-4f80-a95c-b944c8428df3,R1_PHONE_EXACT,0,quarantined,quarantined,
dd1d4e726582476ebc32a5def8664afc,621d9d75-97ba-440c-ad20-1fccaef9db15,R1_PHONE_EXACT,0,quarantined,quarantined,
c847a7e79d8644cd90a68e91eebdd8d5,cdf92cf0-0b04-4552-813e-8ab7f90213dc,R1_PHONE_EXACT,0,quarantined,quarantined,
47e587d0e4d343a1b1446c59392e6a84,ed89eb92-9486-4c57-a2fe-5ae266b331dc,R1_PHONE_EXACT,0,quarantined,quarantined,
d690879bb2744650985371d5a606c6ae,fb02eac8-504a-4ddc-ab3e-29288dac4975,R1_PHONE_EXACT,0,quarantined,quarantined,
1e0fb9816f6e4785b6e64ad6d8a441bb,630de8b9-b18e-4621-87b9-fe8a1822f678,R1_PHONE_EXACT,0,quarantined,quarantined,
9ba72c81b7b146ac893d6782c46339c0,464a6eef-c162-45d4-bdb3-5688a795be81,R1_PHONE_EXACT,0,quarantined,quarantined,
f07372b211fb4372a17df5fb0fdade70,83eac93e-56e2-4da2-b6b9-865cd9499beb,R1_PHONE_EXACT,0,quarantined,quarantined,
1b2c4c95c8eb47ceb1640f7dc07c18c3,a66a0420-f3f8-4da8-ae0e-3e9054646940,R1_PHONE_EXACT,0,quarantined,quarantined,
1ae43aba219148d69621ccf75c894308,63c89957-9e61-403e-9963-94b37b818802,R1_PHONE_EXACT,0,quarantined,quarantined,
1b6e61c5e63c422397194606fb0f2662,2f890826-fc5d-4a74-aae9-fcf257509c7d,R1_PHONE_EXACT,0,quarantined,quarantined,
c904fb6592974a9f92b8d465e8ee26e1,c173e7e1-3d3e-49a2-961e-77d4e123089f,R1_PHONE_EXACT,0,quarantined,quarantined,
59ce3de269bb4e5bbf63e763cf0aad9f,24239b74-0824-4c0a-82c0-53c7081b6c6d,R1_PHONE_EXACT,0,quarantined,quarantined,
9a451bf2c47843e795f23846d9512f0a,1e58bd26-0d1a-4f28-a45b-ab5be1a78729,R1_PHONE_EXACT,0,quarantined,quarantined,
f00cc092b7e547008b14e06290d49e36,65c23484-f6fa-42cd-8671-260b5b759696,R1_PHONE_EXACT,0,quarantined,quarantined,
131bd5ac233644969289e3bcc4ddf9bb,e902753a-224f-474e-969b-6c450fe6579b,R1_PHONE_EXACT,0,quarantined,quarantined,
f211c05a9129444bbf0f24b0f6894e37,dad18e8d-6c6c-47f8-9d84-2cd6758a5f55,R1_PHONE_EXACT,0,quarantined,quarantined,
0395eca2bdc04e93bcff9731707f6727,72199040-dffe-48c4-b848-2643d9fac3fe,R1_PHONE_EXACT,0,quarantined,quarantined,
1feb841836e9438aa35317a4ca057534,af5d9b9b-a314-4a72-ac10-ba49b932cf51,R1_PHONE_EXACT,0,quarantined,quarantined,
eb0f2451af204de4adeec155adb70da5,55a1fb49-8b58-4fa9-a44b-8bdc1a995db8,R1_PHONE_EXACT,0,quarantined,quarantined,
ed7f5a7a23a741dabd421155b4d289ea,3175e0bf-5dc1-4d31-a29e-227b679d43ad,R1_PHONE_EXACT,0,quarantined,quarantined,
1b6569be44e446b1a9670a9850dafcfb,99a8e6b6-0ec2-4890-8eb2-9a030bafdcb6,R1_PHONE_EXACT,0,quarantined,quarantined,
6a39eacf60314d9eb1c8a111555cd2f7,e367916b-8052-456b-a4a5-b47a756b8f97,R1_PHONE_EXACT,0,quarantined,quarantined,
d087babf24cf4a1598263eb509eb9e0a,c8d71e2e-f186-4e74-8d03-45b97975dbc5,R1_PHONE_EXACT,0,quarantined,quarantined,
976ee293e4234da8a4eb130e80d2a685,90ea71d2-db5c-4cc5-917d-93c2de1fef34,R1_PHONE_EXACT,0,quarantined,quarantined,
e1d7491445e449aebe765615a3e763cd,f6b4aee6-ab58-45d1-9254-53b28704f874,R1_PHONE_EXACT,0,quarantined,quarantined,
6d84f61471ee485482223cf646af914f,b5251b4a-9ff9-4ea0-b7d9-12a89d831e13,R1_PHONE_EXACT,0,quarantined,quarantined,
c5cf3839414a447b9a73294e5f05e049,8b618a7e-efc6-4699-a332-892e33286690,R1_PHONE_EXACT,0,quarantined,quarantined,
3e9740f1da524c10b7e4d2991501f9fe,a63a2356-3d7a-4163-90c2-0ebb3578ed92,R1_PHONE_EXACT,0,quarantined,quarantined,
e41686262b7a4d00a903f822d12c5466,865c8673-3113-4513-9f2c-f2add1ec28c5,R1_PHONE_EXACT,0,quarantined,quarantined,
75e2c2e9ce144b6a8aa1317d1975a06b,3ad3dc2a-f642-4d8c-a1cc-064564620c81,R1_PHONE_EXACT,0,quarantined,quarantined,
8cf24bbfdba548b49fe24814cfac3a14,211c0da7-b084-4118-828e-8d8d127ec27a,R1_PHONE_EXACT,0,quarantined,quarantined,
5d7562f91fe9464dab5eda98cb155832,bd4949bc-3f3b-4ef4-8afc-a7f2103c6a03,R1_PHONE_EXACT,0,quarantined,quarantined,
c46d358df5dd4817a047db275ca01041,299d0add-1d0d-44b9-b513-292e9084e4be,R1_PHONE_EXACT,0,quarantined,quarantined,
a49cc3e842f948879071e43e581dadb1,cdb45f76-96fb-420c-8957-86e76b96b8cf,R1_PHONE_EXACT,0,quarantined,quarantined,
ba7fe94f3705470a9c9d0a08ca34bb52,b581193a-d7a5-4609-afe3-388a5d379e11,R1_PHONE_EXACT,0,quarantined,quarantined,
d70bf658e7cb4bba87a7ab30b9232ab0,9f9fa32e-4347-4d98-b7a4-7ff6c7ae34b9,driver_direct,0,quarantined,quarantined,
e61c5f0b62aa4481a8ae601a8fe4ab28,4a28e66f-8a82-4e29-b351-d367e4f58f6a,R1_PHONE_EXACT,0,quarantined,quarantined,
31ba8d237c2a441584a67b3e3bba4e44,3235476d-79d4-4942-8d30-e547232de745,R1_PHONE_EXACT,0,quarantined,quarantined,
9f59624d270f4a8992a6b6374230cbb0,7ebfb6dc-c929-4fe5-8d37-221b47df604f,R1_PHONE_EXACT,0,quarantined,quarantined,
95f73db5e23c49048220a9a1e50ce080,e6f676ed-2e93-47d0-a8e2-b90c1f25bb9f,R1_PHONE_EXACT,0,quarantined,quarantined,
bc7e9f43cb744f46a9ed857f97c15c15,b2b4eb2e-e5f2-44f2-87a9-50ba710f2a82,R1_PHONE_EXACT,0,quarantined,quarantined,
34c4ec3a78974e9d803db935bd6f8e39,5763e816-8437-46f6-b4ad-9705a32889e6,R2_LICENSE_EXACT,0,quarantined,quarantined,
ea8f7682bad74fcd916f2ba1334b8b64,7013b9d5-cce9-4fa8-8cce-1f94802082e5,R1_PHONE_EXACT,0,quarantined,quarantined,
426c6ec3baad4a0bbef5b98992c38c2b,ca52b832-c07c-4227-9f6e-5875a3da0a6e,R1_PHONE_EXACT,0,quarantined,quarantined,
e606fa1c15f440928e0212b2921bfd2f,625ee6ee-237d-4466-b8a4-77d58af448af,R1_PHONE_EXACT,0,quarantined,quarantined,
a36aa1fdd4724135a9d72d9ba53d3b32,4d4bd399-68ac-4cd3-9891-204f27c8fe69,R1_PHONE_EXACT,0,quarantined,quarantined,
45cb7cf3d9b5459a950217cc96c24a81,19a4a93f-a12c-420a-8bd5-721ab9ffa348,R1_PHONE_EXACT,0,quarantined,quarantined,
f7972f456a9e491e85e6c375f6112221,d8da2795-fe2d-47c6-8aa9-9a2d69e26164,R1_PHONE_EXACT,0,quarantined,quarantined,
d3eba83522704125adc3f45ada3f826a,a8cbcb27-e71a-4992-8fdc-9d5a3f438f6a,R1_PHONE_EXACT,0,quarantined,quarantined,
562dacc0966f41e2ae62fc524d77154d,89ca5435-6689-40f6-9645-21345294fbf3,R1_PHONE_EXACT,0,quarantined,quarantined,
3fff2ecead70438e8392d6fa3d31c6ef,641e93b0-518f-4b0d-8fb2-dd098d3fec89,R1_PHONE_EXACT,0,quarantined,quarantined,
93de0338997c4f148a46c625f753c3a2,b39bf44f-600e-47f1-a78f-ad620abdeb43,R1_PHONE_EXACT,0,quarantined,quarantined,
d13ec6719a6c4128b62c1e60a1ab128f,b21774bb-91d2-4cd8-a547-728a895810b5,R1_PHONE_EXACT,0,quarantined,quarantined,
7e88d9da814b4b94bfc3afd0a72a8e08,e6240a98-4a57-49de-9467-65aa4074e1dd,R1_PHONE_EXACT,0,quarantined,quarantined,
5b2f34f5af8e448ca7151c1756056bbc,434457df-b261-415d-b7a6-fa5b08b22f2d,R1_PHONE_EXACT,0,quarantined,quarantined,
2d26601abef54857afe9ef40b1a215e7,25bf6e08-f24f-4d99-b486-024e15e795c0,R1_PHONE_EXACT,0,quarantined,quarantined,
106606320348425699a6c3a94eae8a63,45c8dca1-2a6f-4b90-ba32-cfeb34448698,R1_PHONE_EXACT,0,quarantined,quarantined,
a29a7fee2712465a8b89078fcc1f6c5f,636efbd9-8d9a-400c-bad7-02df8536310e,R1_PHONE_EXACT,0,quarantined,quarantined,
d14ecdaec26d44a5933267cc4a860ff5,d28f7720-efc3-4c66-913e-c8fac55b5fc5,R1_PHONE_EXACT,0,quarantined,quarantined,
460cb75efe68450893a4661bc2fa78e2,4ce2cd84-52ca-4deb-855a-cf757b8bc0ce,R1_PHONE_EXACT,0,quarantined,quarantined,
1f0a0ebd0fb84f7f89abffbe245311b9,1f12cd92-26f4-4249-848b-1afcb4de43d8,R1_PHONE_EXACT,0,quarantined,quarantined,
03ac396b5e924618adfd2c467168e34d,9f5f43fb-fc31-43fc-ba10-e2f9e98f3c05,R1_PHONE_EXACT,0,quarantined,quarantined,
913fbb1afc9a41a0b63ee66c487ff7bf,6013467e-0ec4-4f3a-8337-2cd411c0ec11,R1_PHONE_EXACT,0,quarantined,quarantined,
0c6938cc23ed455497475344a9fcd5c0,836a15ee-61c8-4fd6-ad85-0b18ecf129c2,R1_PHONE_EXACT,0,quarantined,quarantined,
46fadf86aea446158704946a7300b2f7,3cbbd6fa-ef09-4cc4-ada6-53b44ae10b78,R1_PHONE_EXACT,0,quarantined,quarantined,
